reviewId,customer,productId,rating,comment,date_review
1799,1,541,4,Good Product,2020-09-30 15:22:01
1798,1,540,4,Good Product,2020-09-30 15:22:01
1797,1,539,5,Excelent Product I love it ❤,2020-09-30 15:22:01
1796,1,538,3,OK !,2020-09-30 15:22:01
1795,1,537,3,OK !,2020-09-30 15:22:00
1794,1,536,4,Good Product,2020-09-30 15:22:00
1793,1,535,4,Good Product,2020-09-30 15:22:00
1792,1,534,3,OK !,2020-09-30 15:22:00
1791,1,533,4,Good Product,2020-09-30 15:22:00
1790,1,532,4,Good Product,2020-09-30 15:22:00
1789,1,531,3,OK !,2020-09-30 15:22:00
1788,1,530,4,Good Product,2020-09-30 15:21:59
1787,1,529,3,OK !,2020-09-30 15:21:59
1786,1,528,3,OK !,2020-09-30 15:21:59
1785,1,527,4,Good Product,2020-09-30 15:21:59
1784,1,526,4,Good Product,2020-09-30 15:21:59
1783,1,525,4,Good Product,2020-09-30 15:21:59
1782,1,524,1,Very Bad Product,2020-09-30 15:21:59
1781,1,523,4,Good Product,2020-09-30 15:21:59
1780,1,522,3,OK !,2020-09-30 15:21:58
1779,1,521,5,Excelent Product I love it ❤,2020-09-30 15:21:58
1778,1,520,3,OK !,2020-09-30 15:21:58
1777,1,519,3,OK !,2020-09-30 15:21:58
1776,1,518,1,Very Bad Product,2020-09-30 15:21:58
1775,1,517,1,Very Bad Product,2020-09-30 15:21:58
1774,1,516,3,OK !,2020-09-30 15:21:58
1773,1,515,4,Good Product,2020-09-30 15:21:58
1772,1,514,4,Good Product,2020-09-30 15:21:57
1771,1,513,5,Excelent Product I love it ❤,2020-09-30 15:21:57
1770,1,512,4,Good Product,2020-09-30 15:21:57
1769,1,511,5,Excelent Product I love it ❤,2020-09-30 15:21:57
1768,1,510,1,Very Bad Product,2020-09-30 15:21:57
1767,1,509,2,Poor ☹,2020-09-30 15:21:57
1766,1,508,3,OK !,2020-09-30 15:21:57
1765,1,507,3,OK !,2020-09-30 15:21:57
1764,1,506,1,Very Bad Product,2020-09-30 15:21:56
1763,1,505,2,Poor ☹,2020-09-30 15:21:56
1762,1,504,2,Poor ☹,2020-09-30 15:21:56
1761,1,503,3,OK !,2020-09-30 15:21:56
1760,1,502,3,OK !,2020-09-30 15:21:56
1759,8,521,1,Very Bad Product,2020-09-30 15:20:57
1758,8,520,2,Poor ☹,2020-09-30 15:20:57
1757,8,519,3,OK !,2020-09-30 15:20:56
1756,8,518,5,Excelent Product I love it ❤,2020-09-30 15:20:56
1755,8,517,3,OK !,2020-09-30 15:20:56
1754,8,516,3,OK !,2020-09-30 15:20:56
1753,8,515,4,Good Product,2020-09-30 15:20:56
1752,8,514,3,OK !,2020-09-30 15:20:56
1751,8,513,3,OK !,2020-09-30 15:20:56
1750,8,512,2,Poor ☹,2020-09-30 15:20:55
1749,8,511,5,Excelent Product I love it ❤,2020-09-30 15:20:55
1748,8,510,1,Very Bad Product,2020-09-30 15:20:55
1747,8,509,1,Very Bad Product,2020-09-30 15:20:55
1746,8,508,4,Good Product,2020-09-30 15:20:55
1745,8,507,2,Poor ☹,2020-09-30 15:20:55
1744,8,506,4,Good Product,2020-09-30 15:20:55
1743,8,505,4,Good Product,2020-09-30 15:20:54
1742,8,504,2,Poor ☹,2020-09-30 15:20:54
1741,8,503,4,Good Product,2020-09-30 15:20:54
1740,8,502,2,Poor ☹,2020-09-30 15:20:54
1739,8,501,3,OK !,2020-09-30 15:20:54
1738,8,500,1,Very Bad Product,2020-09-30 15:20:54
1737,8,499,4,Good Product,2020-09-30 15:20:54
1736,8,498,1,Very Bad Product,2020-09-30 15:20:54
1735,8,497,1,Very Bad Product,2020-09-30 15:20:53
1734,8,496,2,Poor ☹,2020-09-30 15:20:53
1733,8,495,1,Very Bad Product,2020-09-30 15:20:53
1732,8,494,1,Very Bad Product,2020-09-30 15:20:53
1731,8,493,4,Good Product,2020-09-30 15:20:53
1730,8,492,4,Good Product,2020-09-30 15:20:53
1729,8,491,1,Very Bad Product,2020-09-30 15:20:53
1728,8,490,4,Good Product,2020-09-30 15:20:52
1727,8,489,3,OK !,2020-09-30 15:20:52
1726,8,488,5,Excelent Product I love it ❤,2020-09-30 15:20:52
1725,8,487,2,Poor ☹,2020-09-30 15:20:52
1724,8,486,4,Good Product,2020-09-30 15:20:52
1723,8,485,4,Good Product,2020-09-30 15:20:52
1722,8,484,2,Poor ☹,2020-09-30 15:20:52
1721,8,483,2,Poor ☹,2020-09-30 15:20:52
1720,8,482,5,Excelent Product I love it ❤,2020-09-30 15:20:52
1719,8,481,5,Excelent Product I love it ❤,2020-09-30 15:20:51
1718,8,480,3,OK !,2020-09-30 15:20:51
1717,8,479,4,Good Product,2020-09-30 15:20:51
1716,8,478,1,Very Bad Product,2020-09-30 15:20:51
1715,8,477,2,Poor ☹,2020-09-30 15:20:51
1714,8,476,5,Excelent Product I love it ❤,2020-09-30 15:20:51
1713,8,475,4,Good Product,2020-09-30 15:20:51
1712,8,474,4,Good Product,2020-09-30 15:20:50
1711,8,473,2,Poor ☹,2020-09-30 15:20:50
1710,8,472,1,Very Bad Product,2020-09-30 15:20:50
1709,8,471,5,Excelent Product I love it ❤,2020-09-30 15:20:50
1708,2,620,5,Excelent Product I love it ❤,2020-09-30 15:15:30
1707,2,619,1,Very Bad Product,2020-09-30 15:15:29
1706,2,618,4,Good Product,2020-09-30 15:15:29
1705,2,617,1,Very Bad Product,2020-09-30 15:15:29
1704,2,616,4,Good Product,2020-09-30 15:15:29
1703,2,615,4,Good Product,2020-09-30 15:15:29
1702,2,614,4,Good Product,2020-09-30 15:15:29
1701,2,613,1,Very Bad Product,2020-09-30 15:15:29
1700,2,612,4,Good Product,2020-09-30 15:15:28
1699,2,611,4,Good Product,2020-09-30 15:15:28
1698,2,610,4,Good Product,2020-09-30 15:15:28
1697,2,609,1,Very Bad Product,2020-09-30 15:15:28
1696,2,608,4,Good Product,2020-09-30 15:15:28
1695,2,607,1,Very Bad Product,2020-09-30 15:15:28
1694,2,606,5,Excelent Product I love it ❤,2020-09-30 15:15:28
1693,2,605,1,Very Bad Product,2020-09-30 15:15:28
1692,2,604,4,Good Product,2020-09-30 15:15:27
1691,2,603,1,Very Bad Product,2020-09-30 15:15:27
1690,2,602,1,Very Bad Product,2020-09-30 15:15:27
1689,2,601,3,OK !,2020-09-30 15:15:27
1688,2,600,4,Good Product,2020-09-30 15:15:27
1687,2,599,5,Excelent Product I love it ❤,2020-09-30 15:15:27
1686,2,598,4,Good Product,2020-09-30 15:15:27
1685,2,597,3,OK !,2020-09-30 15:15:27
1684,2,596,5,Excelent Product I love it ❤,2020-09-30 15:15:26
1683,2,595,3,OK !,2020-09-30 15:15:26
1682,2,594,3,OK !,2020-09-30 15:15:26
1681,2,593,2,Poor ☹,2020-09-30 15:15:26
1680,2,592,4,Good Product,2020-09-30 15:15:26
1679,2,591,1,Very Bad Product,2020-09-30 15:15:26
1678,2,590,4,Good Product,2020-09-30 15:15:26
1677,2,589,5,Excelent Product I love it ❤,2020-09-30 15:15:26
1676,2,588,3,OK !,2020-09-30 15:15:25
1675,2,587,5,Excelent Product I love it ❤,2020-09-30 15:15:25
1674,2,586,2,Poor ☹,2020-09-30 15:15:25
1673,2,585,5,Excelent Product I love it ❤,2020-09-30 15:15:25
1672,2,584,1,Very Bad Product,2020-09-30 15:15:25
1671,2,583,2,Poor ☹,2020-09-30 15:15:24
1670,2,582,4,Good Product,2020-09-30 15:15:24
1669,2,581,5,Excelent Product I love it ❤,2020-09-30 15:15:24
1668,2,580,5,Excelent Product I love it ❤,2020-09-30 15:15:24
1667,2,579,5,Excelent Product I love it ❤,2020-09-30 15:15:24
1666,2,578,3,OK !,2020-09-30 15:15:24
1665,2,577,3,OK !,2020-09-30 15:15:24
1664,2,576,5,Excelent Product I love it ❤,2020-09-30 15:15:23
1663,2,575,1,Very Bad Product,2020-09-30 15:15:23
1662,2,574,2,Poor ☹,2020-09-30 15:15:23
1661,2,573,3,OK !,2020-09-30 15:15:23
1660,2,572,3,OK !,2020-09-30 15:15:22
1659,2,571,5,Excelent Product I love it ❤,2020-09-30 15:15:22
1658,2,570,2,Poor ☹,2020-09-30 15:15:22
1657,2,569,1,Very Bad Product,2020-09-30 15:15:22
1656,2,568,3,OK !,2020-09-30 15:15:21
1655,2,567,5,Excelent Product I love it ❤,2020-09-30 15:15:21
1654,2,566,2,Poor ☹,2020-09-30 15:15:21
1653,2,565,5,Excelent Product I love it ❤,2020-09-30 15:15:21
1652,2,564,4,Good Product,2020-09-30 15:15:21
1651,2,563,3,OK !,2020-09-30 15:15:21
1650,2,562,5,Excelent Product I love it ❤,2020-09-30 15:15:21
1649,2,561,4,Good Product,2020-09-30 15:15:20
1648,2,560,1,Very Bad Product,2020-09-30 15:15:20
1647,2,559,5,Excelent Product I love it ❤,2020-09-30 15:15:20
1646,2,558,3,OK !,2020-09-30 15:15:20
1645,2,557,2,Poor ☹,2020-09-30 15:15:20
1644,2,556,4,Good Product,2020-09-30 15:15:20
1643,2,555,1,Very Bad Product,2020-09-30 15:15:20
1642,2,554,5,Excelent Product I love it ❤,2020-09-30 15:15:20
1641,2,553,1,Very Bad Product,2020-09-30 15:15:19
1640,2,552,2,Poor ☹,2020-09-30 15:15:19
1639,2,551,5,Excelent Product I love it ❤,2020-09-30 15:15:19
1638,2,550,5,Excelent Product I love it ❤,2020-09-30 15:15:19
1637,2,549,2,Poor ☹,2020-09-30 15:15:19
1636,2,548,2,Poor ☹,2020-09-30 15:15:19
1635,2,547,4,Good Product,2020-09-30 15:15:19
1634,2,546,5,Excelent Product I love it ❤,2020-09-30 15:15:18
1633,2,545,2,Poor ☹,2020-09-30 15:15:18
1632,2,544,1,Very Bad Product,2020-09-30 15:15:18
1631,2,543,4,Good Product,2020-09-30 15:15:18
1630,2,542,1,Very Bad Product,2020-09-30 15:15:18
1629,2,541,2,Poor ☹,2020-09-30 15:15:18
1628,2,540,1,Very Bad Product,2020-09-30 15:15:18
1627,2,539,5,Excelent Product I love it ❤,2020-09-30 15:15:18
1626,2,538,5,Excelent Product I love it ❤,2020-09-30 15:15:17
1625,2,537,4,Good Product,2020-09-30 15:15:17
1624,2,536,5,Excelent Product I love it ❤,2020-09-30 15:15:17
1623,2,535,4,Good Product,2020-09-30 15:15:17
1622,2,534,5,Excelent Product I love it ❤,2020-09-30 15:15:17
1621,2,533,1,Very Bad Product,2020-09-30 15:15:17
1620,2,532,4,Good Product,2020-09-30 15:15:17
1619,2,531,2,Poor ☹,2020-09-30 15:15:17
1618,2,530,1,Very Bad Product,2020-09-30 15:15:17
1617,2,529,2,Poor ☹,2020-09-30 15:15:16
1616,2,528,3,OK !,2020-09-30 15:15:16
1615,2,527,4,Good Product,2020-09-30 15:15:16
1614,2,526,2,Poor ☹,2020-09-30 15:15:16
1613,2,525,1,Very Bad Product,2020-09-30 15:15:16
1612,2,524,2,Poor ☹,2020-09-30 15:15:16
1611,2,523,1,Very Bad Product,2020-09-30 15:15:16
1610,2,522,1,Very Bad Product,2020-09-30 15:15:16
1609,2,521,4,Good Product,2020-09-30 15:15:16
1608,2,520,3,OK !,2020-09-30 15:15:15
1607,2,519,1,Very Bad Product,2020-09-30 15:15:15
1606,2,518,4,Good Product,2020-09-30 15:15:15
1605,2,517,4,Good Product,2020-09-30 15:15:15
1604,2,516,3,OK !,2020-09-30 15:15:15
1603,2,515,3,OK !,2020-09-30 15:15:15
1602,2,514,3,OK !,2020-09-30 15:15:15
1601,2,513,5,Excelent Product I love it ❤,2020-09-30 15:15:15
1600,2,512,1,Very Bad Product,2020-09-30 15:15:15
1599,2,511,1,Very Bad Product,2020-09-30 15:15:14
1598,2,510,3,OK !,2020-09-30 15:15:14
1597,2,509,4,Good Product,2020-09-30 15:15:14
1596,2,508,1,Very Bad Product,2020-09-30 15:15:14
1595,2,507,2,Poor ☹,2020-09-30 15:15:14
1594,2,506,3,OK !,2020-09-30 15:15:14
1593,2,505,3,OK !,2020-09-30 15:15:14
1592,2,504,1,Very Bad Product,2020-09-30 15:15:14
1591,2,503,2,Poor ☹,2020-09-30 15:15:13
1590,2,502,2,Poor ☹,2020-09-30 15:15:13
1589,2,501,1,Very Bad Product,2020-09-30 15:15:13
1588,2,500,5,Excelent Product I love it ❤,2020-09-30 15:15:13
1587,2,499,1,Very Bad Product,2020-09-30 15:15:13
1586,2,498,1,Very Bad Product,2020-09-30 15:15:13
1585,2,497,2,Poor ☹,2020-09-30 15:15:13
1584,2,496,3,OK !,2020-09-30 15:15:13
1583,2,495,5,Excelent Product I love it ❤,2020-09-30 15:15:13
1582,2,494,5,Excelent Product I love it ❤,2020-09-30 15:15:12
1581,2,493,3,OK !,2020-09-30 15:15:12
1580,2,492,5,Excelent Product I love it ❤,2020-09-30 15:15:12
1579,2,491,5,Excelent Product I love it ❤,2020-09-30 15:15:12
1578,2,490,5,Excelent Product I love it ❤,2020-09-30 15:15:12
1577,2,489,4,Good Product,2020-09-30 15:15:12
1576,2,488,3,OK !,2020-09-30 15:15:12
1575,2,487,2,Poor ☹,2020-09-30 15:15:12
1574,2,486,5,Excelent Product I love it ❤,2020-09-30 15:15:11
1573,2,485,1,Very Bad Product,2020-09-30 15:15:11
1572,2,484,3,OK !,2020-09-30 15:15:11
1571,2,483,5,Excelent Product I love it ❤,2020-09-30 15:15:11
1570,2,482,5,Excelent Product I love it ❤,2020-09-30 15:15:11
1569,2,481,2,Poor ☹,2020-09-30 15:15:11
1568,2,480,2,Poor ☹,2020-09-30 15:15:11
1567,2,479,4,Good Product,2020-09-30 15:15:11
1566,2,478,3,OK !,2020-09-30 15:15:10
1565,2,477,1,Very Bad Product,2020-09-30 15:15:10
1564,2,476,3,OK !,2020-09-30 15:15:10
1563,2,475,2,Poor ☹,2020-09-30 15:15:10
1562,2,474,3,OK !,2020-09-30 15:15:10
1561,2,473,2,Poor ☹,2020-09-30 15:15:10
1560,2,472,1,Very Bad Product,2020-09-30 15:15:10
1559,2,471,4,Good Product,2020-09-30 15:15:10
1558,3,620,2,Poor ☹,2020-09-30 15:15:10
1557,3,619,5,Excelent Product I love it ❤,2020-09-30 15:15:09
1556,3,618,1,Very Bad Product,2020-09-30 15:15:09
1555,3,617,5,Excelent Product I love it ❤,2020-09-30 15:15:09
1554,3,616,5,Excelent Product I love it ❤,2020-09-30 15:15:09
1553,3,615,5,Excelent Product I love it ❤,2020-09-30 15:15:09
1552,3,614,3,OK !,2020-09-30 15:15:08
1551,3,613,2,Poor ☹,2020-09-30 15:15:08
1550,3,612,2,Poor ☹,2020-09-30 15:15:08
1549,3,611,4,Good Product,2020-09-30 15:15:08
1548,3,610,3,OK !,2020-09-30 15:15:08
1547,3,609,5,Excelent Product I love it ❤,2020-09-30 15:15:08
1546,3,608,5,Excelent Product I love it ❤,2020-09-30 15:15:08
1545,3,607,2,Poor ☹,2020-09-30 15:15:08
1544,3,606,2,Poor ☹,2020-09-30 15:15:08
1543,3,605,1,Very Bad Product,2020-09-30 15:15:07
1542,3,604,1,Very Bad Product,2020-09-30 15:15:07
1541,3,603,4,Good Product,2020-09-30 15:15:07
1540,3,602,5,Excelent Product I love it ❤,2020-09-30 15:15:07
1539,3,601,2,Poor ☹,2020-09-30 15:15:07
1538,3,600,1,Very Bad Product,2020-09-30 15:15:07
1537,3,599,2,Poor ☹,2020-09-30 15:15:07
1536,3,598,5,Excelent Product I love it ❤,2020-09-30 15:15:07
1535,3,597,4,Good Product,2020-09-30 15:15:07
1534,3,596,4,Good Product,2020-09-30 15:15:06
1533,3,595,2,Poor ☹,2020-09-30 15:15:06
1532,3,594,2,Poor ☹,2020-09-30 15:15:06
1531,3,593,2,Poor ☹,2020-09-30 15:15:06
1530,3,592,4,Good Product,2020-09-30 15:15:06
1529,3,591,1,Very Bad Product,2020-09-30 15:15:06
1528,3,590,1,Very Bad Product,2020-09-30 15:15:06
1527,3,589,2,Poor ☹,2020-09-30 15:15:06
1526,3,588,2,Poor ☹,2020-09-30 15:15:05
1525,3,587,4,Good Product,2020-09-30 15:15:05
1524,3,586,1,Very Bad Product,2020-09-30 15:15:05
1523,3,585,2,Poor ☹,2020-09-30 15:15:05
1522,3,584,4,Good Product,2020-09-30 15:15:05
1521,3,583,2,Poor ☹,2020-09-30 15:15:05
1520,3,582,2,Poor ☹,2020-09-30 15:15:05
1519,3,581,5,Excelent Product I love it ❤,2020-09-30 15:15:05
1518,3,580,5,Excelent Product I love it ❤,2020-09-30 15:15:05
1517,3,579,2,Poor ☹,2020-09-30 15:15:05
1516,3,578,1,Very Bad Product,2020-09-30 15:15:04
1515,3,577,2,Poor ☹,2020-09-30 15:15:04
1514,3,576,4,Good Product,2020-09-30 15:15:04
1513,3,575,2,Poor ☹,2020-09-30 15:15:04
1512,3,574,3,OK !,2020-09-30 15:15:04
1511,3,573,5,Excelent Product I love it ❤,2020-09-30 15:15:04
1510,3,572,1,Very Bad Product,2020-09-30 15:15:04
1509,3,571,4,Good Product,2020-09-30 15:15:04
1508,3,570,3,OK !,2020-09-30 15:15:03
1507,3,569,3,OK !,2020-09-30 15:15:03
1506,3,568,4,Good Product,2020-09-30 15:15:03
1505,3,567,3,OK !,2020-09-30 15:15:03
1504,3,566,3,OK !,2020-09-30 15:15:03
1503,3,565,1,Very Bad Product,2020-09-30 15:15:03
1502,3,564,5,Excelent Product I love it ❤,2020-09-30 15:15:03
1501,3,563,5,Excelent Product I love it ❤,2020-09-30 15:15:03
1500,3,562,5,Excelent Product I love it ❤,2020-09-30 15:15:03
1499,3,561,5,Excelent Product I love it ❤,2020-09-30 15:15:02
1498,3,560,4,Good Product,2020-09-30 15:15:02
1497,3,559,4,Good Product,2020-09-30 15:15:02
1496,3,558,4,Good Product,2020-09-30 15:15:02
1495,3,557,1,Very Bad Product,2020-09-30 15:15:02
1494,3,556,3,OK !,2020-09-30 15:15:02
1493,3,555,3,OK !,2020-09-30 15:15:02
1492,3,554,2,Poor ☹,2020-09-30 15:15:01
1491,3,553,2,Poor ☹,2020-09-30 15:15:01
1490,3,552,3,OK !,2020-09-30 15:15:01
1489,3,551,2,Poor ☹,2020-09-30 15:15:01
1488,3,550,5,Excelent Product I love it ❤,2020-09-30 15:15:01
1487,3,549,3,OK !,2020-09-30 15:15:01
1486,3,548,3,OK !,2020-09-30 15:15:01
1485,3,547,5,Excelent Product I love it ❤,2020-09-30 15:15:01
1484,3,546,4,Good Product,2020-09-30 15:15:00
1483,3,545,2,Poor ☹,2020-09-30 15:15:00
1482,3,544,1,Very Bad Product,2020-09-30 15:15:00
1481,3,543,5,Excelent Product I love it ❤,2020-09-30 15:15:00
1480,3,542,4,Good Product,2020-09-30 15:15:00
1479,3,541,2,Poor ☹,2020-09-30 15:15:00
1478,3,540,2,Poor ☹,2020-09-30 15:15:00
1477,3,539,1,Very Bad Product,2020-09-30 15:15:00
1476,3,538,2,Poor ☹,2020-09-30 15:14:59
1475,3,537,5,Excelent Product I love it ❤,2020-09-30 15:14:59
1474,3,536,4,Good Product,2020-09-30 15:14:59
1473,3,535,2,Poor ☹,2020-09-30 15:14:59
1472,3,534,5,Excelent Product I love it ❤,2020-09-30 15:14:59
1471,3,533,2,Poor ☹,2020-09-30 15:14:59
1470,3,532,5,Excelent Product I love it ❤,2020-09-30 15:14:59
1469,3,531,1,Very Bad Product,2020-09-30 15:14:59
1468,3,530,2,Poor ☹,2020-09-30 15:14:58
1467,3,529,2,Poor ☹,2020-09-30 15:14:58
1466,3,528,1,Very Bad Product,2020-09-30 15:14:58
1465,3,527,3,OK !,2020-09-30 15:14:58
1464,3,526,1,Very Bad Product,2020-09-30 15:14:58
1463,3,525,5,Excelent Product I love it ❤,2020-09-30 15:14:58
1462,3,524,4,Good Product,2020-09-30 15:14:58
1461,3,523,5,Excelent Product I love it ❤,2020-09-30 15:14:57
1460,3,522,5,Excelent Product I love it ❤,2020-09-30 15:14:57
1459,3,521,2,Poor ☹,2020-09-30 15:14:57
1458,3,520,3,OK !,2020-09-30 15:14:57
1457,3,519,1,Very Bad Product,2020-09-30 15:14:57
1456,3,518,5,Excelent Product I love it ❤,2020-09-30 15:14:57
1455,3,517,2,Poor ☹,2020-09-30 15:14:57
1454,3,516,1,Very Bad Product,2020-09-30 15:14:57
1453,3,515,2,Poor ☹,2020-09-30 15:14:56
1452,3,514,4,Good Product,2020-09-30 15:14:56
1451,3,513,4,Good Product,2020-09-30 15:14:56
1450,3,512,5,Excelent Product I love it ❤,2020-09-30 15:14:56
1449,3,511,1,Very Bad Product,2020-09-30 15:14:56
1448,3,510,2,Poor ☹,2020-09-30 15:14:56
1447,3,509,1,Very Bad Product,2020-09-30 15:14:56
1446,3,508,1,Very Bad Product,2020-09-30 15:14:56
1445,3,507,5,Excelent Product I love it ❤,2020-09-30 15:14:55
1444,3,506,5,Excelent Product I love it ❤,2020-09-30 15:14:55
1443,3,505,3,OK !,2020-09-30 15:14:55
1442,3,504,3,OK !,2020-09-30 15:14:55
1441,3,503,4,Good Product,2020-09-30 15:14:55
1440,3,502,4,Good Product,2020-09-30 15:14:55
1439,3,501,3,OK !,2020-09-30 15:14:55
1438,3,500,2,Poor ☹,2020-09-30 15:14:54
1437,3,499,1,Very Bad Product,2020-09-30 15:14:54
1436,3,498,1,Very Bad Product,2020-09-30 15:14:54
1435,3,497,1,Very Bad Product,2020-09-30 15:14:54
1434,3,496,3,OK !,2020-09-30 15:14:54
1433,3,495,5,Excelent Product I love it ❤,2020-09-30 15:14:54
1432,3,494,2,Poor ☹,2020-09-30 15:14:54
1431,3,493,5,Excelent Product I love it ❤,2020-09-30 15:14:54
1430,3,492,1,Very Bad Product,2020-09-30 15:14:54
1429,3,491,2,Poor ☹,2020-09-30 15:14:53
1428,3,490,4,Good Product,2020-09-30 15:14:53
1427,3,489,5,Excelent Product I love it ❤,2020-09-30 15:14:53
1426,3,488,3,OK !,2020-09-30 15:14:53
1425,3,487,1,Very Bad Product,2020-09-30 15:14:53
1424,3,486,2,Poor ☹,2020-09-30 15:14:53
1423,3,485,4,Good Product,2020-09-30 15:14:52
1422,3,484,5,Excelent Product I love it ❤,2020-09-30 15:14:52
1421,3,483,2,Poor ☹,2020-09-30 15:14:52
1420,3,482,1,Very Bad Product,2020-09-30 15:14:52
1419,3,481,2,Poor ☹,2020-09-30 15:14:52
1418,3,480,1,Very Bad Product,2020-09-30 15:14:52
1417,3,479,3,OK !,2020-09-30 15:14:52
1416,3,478,4,Good Product,2020-09-30 15:14:52
1415,3,477,5,Excelent Product I love it ❤,2020-09-30 15:14:52
1414,3,476,5,Excelent Product I love it ❤,2020-09-30 15:14:51
1413,3,475,1,Very Bad Product,2020-09-30 15:14:51
1412,3,474,4,Good Product,2020-09-30 15:14:51
1411,3,473,5,Excelent Product I love it ❤,2020-09-30 15:14:51
1410,3,472,3,OK !,2020-09-30 15:14:51
1409,3,471,3,OK !,2020-09-30 15:14:51
1408,6,471,1,Very Bad Product,2020-09-30 15:11:37
1407,6,470,3,OK !,2020-09-30 15:11:36
1406,6,469,1,Very Bad Product,2020-09-30 15:11:36
1405,6,468,2,Poor ☹,2020-09-30 15:11:36
1404,6,467,2,Poor ☹,2020-09-30 15:11:36
1403,6,466,2,Poor ☹,2020-09-30 15:11:36
1402,6,465,5,Excelent Product I love it ❤,2020-09-30 15:11:36
1401,6,464,4,Good Product,2020-09-30 15:11:36
1400,6,463,1,Very Bad Product,2020-09-30 15:11:36
1399,6,462,2,Poor ☹,2020-09-30 15:11:35
1398,6,461,4,Good Product,2020-09-30 15:11:35
1397,6,460,1,Very Bad Product,2020-09-30 15:11:35
1396,6,459,2,Poor ☹,2020-09-30 15:11:35
1395,6,458,1,Very Bad Product,2020-09-30 15:11:35
1394,6,457,4,Good Product,2020-09-30 15:11:35
1393,6,456,4,Good Product,2020-09-30 15:11:35
1392,6,455,5,Excelent Product I love it ❤,2020-09-30 15:11:35
1391,6,454,2,Poor ☹,2020-09-30 15:11:34
1390,6,453,1,Very Bad Product,2020-09-30 15:11:34
1389,6,452,4,Good Product,2020-09-30 15:11:34
1388,6,451,4,Good Product,2020-09-30 15:11:34
1387,6,450,1,Very Bad Product,2020-09-30 15:11:34
1386,6,449,2,Poor ☹,2020-09-30 15:11:34
1385,6,448,5,Excelent Product I love it ❤,2020-09-30 15:11:34
1384,6,447,4,Good Product,2020-09-30 15:11:34
1383,6,446,5,Excelent Product I love it ❤,2020-09-30 15:11:33
1382,6,445,5,Excelent Product I love it ❤,2020-09-30 15:11:33
1381,6,444,4,Good Product,2020-09-30 15:11:33
1380,6,443,3,OK !,2020-09-30 15:11:33
1379,6,442,1,Very Bad Product,2020-09-30 15:11:33
1378,6,441,4,Good Product,2020-09-30 15:11:33
1377,6,440,4,Good Product,2020-09-30 15:11:33
1376,6,439,2,Poor ☹,2020-09-30 15:11:33
1375,6,438,5,Excelent Product I love it ❤,2020-09-30 15:11:33
1374,6,437,1,Very Bad Product,2020-09-30 15:11:32
1373,6,436,5,Excelent Product I love it ❤,2020-09-30 15:11:32
1372,6,435,4,Good Product,2020-09-30 15:11:32
1371,6,434,1,Very Bad Product,2020-09-30 15:11:32
1370,6,433,5,Excelent Product I love it ❤,2020-09-30 15:11:32
1369,6,432,2,Poor ☹,2020-09-30 15:11:32
1368,6,431,5,Excelent Product I love it ❤,2020-09-30 15:11:32
1367,6,430,3,OK !,2020-09-30 15:11:32
1366,6,429,5,Excelent Product I love it ❤,2020-09-30 15:11:32
1365,6,428,2,Poor ☹,2020-09-30 15:11:31
1364,6,427,4,Good Product,2020-09-30 15:11:31
1363,6,426,5,Excelent Product I love it ❤,2020-09-30 15:11:31
1362,6,425,3,OK !,2020-09-30 15:11:31
1361,6,424,2,Poor ☹,2020-09-30 15:11:31
1360,6,423,1,Very Bad Product,2020-09-30 15:11:31
1359,6,422,2,Poor ☹,2020-09-30 15:11:31
1358,6,421,5,Excelent Product I love it ❤,2020-09-30 15:11:30
1357,6,420,3,OK !,2020-09-30 15:11:30
1356,6,419,2,Poor ☹,2020-09-30 15:11:30
1355,6,418,3,OK !,2020-09-30 15:11:30
1354,6,417,3,OK !,2020-09-30 15:11:30
1353,6,416,5,Excelent Product I love it ❤,2020-09-30 15:11:30
1352,6,415,5,Excelent Product I love it ❤,2020-09-30 15:11:30
1351,6,414,4,Good Product,2020-09-30 15:11:30
1350,6,413,1,Very Bad Product,2020-09-30 15:11:30
1349,6,412,2,Poor ☹,2020-09-30 15:11:29
1348,6,411,2,Poor ☹,2020-09-30 15:11:29
1347,6,410,5,Excelent Product I love it ❤,2020-09-30 15:11:29
1346,6,409,5,Excelent Product I love it ❤,2020-09-30 15:11:29
1345,6,408,3,OK !,2020-09-30 15:11:29
1344,6,407,1,Very Bad Product,2020-09-30 15:11:29
1343,6,406,4,Good Product,2020-09-30 15:11:28
1342,6,405,1,Very Bad Product,2020-09-30 15:11:28
1341,6,404,5,Excelent Product I love it ❤,2020-09-30 15:11:28
1340,6,403,2,Poor ☹,2020-09-30 15:11:28
1339,6,402,1,Very Bad Product,2020-09-30 15:11:28
1338,6,401,2,Poor ☹,2020-09-30 15:11:28
1337,6,400,1,Very Bad Product,2020-09-30 15:11:28
1336,6,399,5,Excelent Product I love it ❤,2020-09-30 15:11:28
1335,6,398,5,Excelent Product I love it ❤,2020-09-30 15:11:28
1334,6,397,4,Good Product,2020-09-30 15:11:27
1333,6,396,1,Very Bad Product,2020-09-30 15:11:27
1332,6,395,5,Excelent Product I love it ❤,2020-09-30 15:11:27
1331,6,394,3,OK !,2020-09-30 15:11:27
1330,6,393,4,Good Product,2020-09-30 15:11:27
1329,6,392,3,OK !,2020-09-30 15:11:27
1328,6,391,5,Excelent Product I love it ❤,2020-09-30 15:11:27
1327,6,390,1,Very Bad Product,2020-09-30 15:11:27
1326,6,389,1,Very Bad Product,2020-09-30 15:11:27
1325,6,388,5,Excelent Product I love it ❤,2020-09-30 15:11:26
1324,6,387,2,Poor ☹,2020-09-30 15:11:26
1323,6,386,2,Poor ☹,2020-09-30 15:11:26
1322,6,385,5,Excelent Product I love it ❤,2020-09-30 15:11:26
1321,6,384,2,Poor ☹,2020-09-30 15:11:26
1320,6,383,3,OK !,2020-09-30 15:11:26
1319,6,382,2,Poor ☹,2020-09-30 15:11:26
1318,6,381,1,Very Bad Product,2020-09-30 15:11:26
1317,6,380,4,Good Product,2020-09-30 15:11:26
1316,6,379,2,Poor ☹,2020-09-30 15:11:25
1315,6,378,2,Poor ☹,2020-09-30 15:11:25
1314,6,377,1,Very Bad Product,2020-09-30 15:11:25
1313,6,376,3,OK !,2020-09-30 15:11:25
1312,6,375,3,OK !,2020-09-30 15:11:25
1311,6,374,1,Very Bad Product,2020-09-30 15:11:25
1310,6,373,2,Poor ☹,2020-09-30 15:11:25
1309,6,372,3,OK !,2020-09-30 15:11:25
1308,6,371,4,Good Product,2020-09-30 15:11:24
1307,6,370,1,Very Bad Product,2020-09-30 15:11:24
1306,6,369,4,Good Product,2020-09-30 15:11:24
1305,6,368,5,Excelent Product I love it ❤,2020-09-30 15:11:24
1304,6,367,2,Poor ☹,2020-09-30 15:11:24
1303,6,366,2,Poor ☹,2020-09-30 15:11:24
1302,6,365,3,OK !,2020-09-30 15:11:24
1301,6,364,1,Very Bad Product,2020-09-30 15:11:24
1300,6,363,1,Very Bad Product,2020-09-30 15:11:24
1299,6,362,1,Very Bad Product,2020-09-30 15:11:23
1298,6,361,4,Good Product,2020-09-30 15:11:23
1297,6,360,3,OK !,2020-09-30 15:11:23
1296,6,359,2,Poor ☹,2020-09-30 15:11:23
1295,6,358,5,Excelent Product I love it ❤,2020-09-30 15:11:23
1294,6,357,1,Very Bad Product,2020-09-30 15:11:23
1293,6,356,2,Poor ☹,2020-09-30 15:11:23
1292,6,355,3,OK !,2020-09-30 15:11:22
1291,6,354,5,Excelent Product I love it ❤,2020-09-30 15:11:22
1290,6,353,1,Very Bad Product,2020-09-30 15:11:22
1289,6,352,1,Very Bad Product,2020-09-30 15:11:22
1288,6,351,4,Good Product,2020-09-30 15:11:22
1287,6,350,4,Good Product,2020-09-30 15:11:22
1286,6,349,5,Excelent Product I love it ❤,2020-09-30 15:11:22
1285,6,348,3,OK !,2020-09-30 15:11:22
1284,6,347,2,Poor ☹,2020-09-30 15:11:21
1283,6,346,1,Very Bad Product,2020-09-30 15:11:21
1282,6,345,5,Excelent Product I love it ❤,2020-09-30 15:11:21
1281,6,344,5,Excelent Product I love it ❤,2020-09-30 15:11:21
1280,6,343,2,Poor ☹,2020-09-30 15:11:21
1279,6,342,3,OK !,2020-09-30 15:11:21
1278,6,341,2,Poor ☹,2020-09-30 15:11:21
1277,6,340,3,OK !,2020-09-30 15:11:21
1276,6,339,3,OK !,2020-09-30 15:11:20
1275,6,336,2,Poor ☹,2020-09-30 15:11:20
1274,6,335,5,Excelent Product I love it ❤,2020-09-30 15:11:20
1273,6,334,5,Excelent Product I love it ❤,2020-09-30 15:11:20
1272,6,333,3,OK !,2020-09-30 15:11:20
1271,6,332,3,OK !,2020-09-30 15:11:20
1270,6,331,4,Good Product,2020-09-30 15:11:20
1269,6,330,3,OK !,2020-09-30 15:11:20
1268,6,329,1,Very Bad Product,2020-09-30 15:11:19
1267,6,328,4,Good Product,2020-09-30 15:11:19
1266,6,327,5,Excelent Product I love it ❤,2020-09-30 15:11:19
1265,6,326,4,Good Product,2020-09-30 15:11:19
1264,6,325,4,Good Product,2020-09-30 15:11:19
1263,6,324,4,Good Product,2020-09-30 15:11:19
1262,6,323,3,OK !,2020-09-30 15:11:19
1261,6,322,5,Excelent Product I love it ❤,2020-09-30 15:11:19
1260,6,321,3,OK !,2020-09-30 15:11:18
1259,6,320,2,Poor ☹,2020-09-30 15:11:18
1258,6,319,3,OK !,2020-09-30 15:11:18
1257,6,318,3,OK !,2020-09-30 15:11:18
1256,6,317,3,OK !,2020-09-30 15:11:18
1255,6,316,1,Very Bad Product,2020-09-30 15:11:18
1254,6,315,4,Good Product,2020-09-30 15:11:18
1253,6,314,2,Poor ☹,2020-09-30 15:11:18
1252,6,313,2,Poor ☹,2020-09-30 15:11:17
1251,6,312,3,OK !,2020-09-30 15:11:17
1250,6,311,4,Good Product,2020-09-30 15:11:17
1249,6,310,5,Excelent Product I love it ❤,2020-09-30 15:11:17
1248,6,309,4,Good Product,2020-09-30 15:11:17
1247,6,308,5,Excelent Product I love it ❤,2020-09-30 15:11:17
1246,6,307,5,Excelent Product I love it ❤,2020-09-30 15:11:17
1245,6,306,4,Good Product,2020-09-30 15:11:17
1244,6,305,4,Good Product,2020-09-30 15:11:16
1243,6,304,1,Very Bad Product,2020-09-30 15:11:16
1242,6,303,3,OK !,2020-09-30 15:11:16
1241,6,302,2,Poor ☹,2020-09-30 15:11:16
1240,6,301,1,Very Bad Product,2020-09-30 15:11:16
1239,6,300,4,Good Product,2020-09-30 15:11:16
1238,6,297,5,Excelent Product I love it ❤,2020-09-30 15:11:16
1237,6,296,5,Excelent Product I love it ❤,2020-09-30 15:11:16
1236,6,295,5,Excelent Product I love it ❤,2020-09-30 15:11:16
1235,6,294,1,Very Bad Product,2020-09-30 15:11:15
1234,6,293,4,Good Product,2020-09-30 15:11:15
1233,6,292,2,Poor ☹,2020-09-30 15:11:14
1232,6,291,2,Poor ☹,2020-09-30 15:11:14
1231,6,290,5,Excelent Product I love it ❤,2020-09-30 15:11:14
1230,6,289,2,Poor ☹,2020-09-30 15:11:14
1229,6,288,3,OK !,2020-09-30 15:11:14
1228,6,287,4,Good Product,2020-09-30 15:11:14
1227,6,286,2,Poor ☹,2020-09-30 15:11:14
1226,6,285,2,Poor ☹,2020-09-30 15:11:13
1225,6,284,5,Excelent Product I love it ❤,2020-09-30 15:11:13
1224,6,283,5,Excelent Product I love it ❤,2020-09-30 15:11:13
1223,6,282,2,Poor ☹,2020-09-30 15:11:13
1222,6,281,3,OK !,2020-09-30 15:11:13
1221,6,280,2,Poor ☹,2020-09-30 15:11:13
1220,6,279,1,Very Bad Product,2020-09-30 15:11:13
1219,6,278,3,OK !,2020-09-30 15:11:13
1218,6,277,5,Excelent Product I love it ❤,2020-09-30 15:11:12
1217,6,276,2,Poor ☹,2020-09-30 15:11:12
1216,6,275,5,Excelent Product I love it ❤,2020-09-30 15:11:12
1215,6,274,1,Very Bad Product,2020-09-30 15:11:12
1214,6,273,4,Good Product,2020-09-30 15:11:12
1213,6,272,3,OK !,2020-09-30 15:11:12
1212,6,271,1,Very Bad Product,2020-09-30 15:11:12
1211,6,270,4,Good Product,2020-09-30 15:11:12
1210,6,269,3,OK !,2020-09-30 15:11:12
1209,6,268,1,Very Bad Product,2020-09-30 15:11:11
1208,4,471,3,OK !,2020-09-30 15:11:11
1207,4,470,3,OK !,2020-09-30 15:11:11
1206,4,469,1,Very Bad Product,2020-09-30 15:11:11
1205,4,468,1,Very Bad Product,2020-09-30 15:11:11
1204,4,467,3,OK !,2020-09-30 15:11:11
1203,4,466,5,Excelent Product I love it ❤,2020-09-30 15:11:11
1202,4,465,1,Very Bad Product,2020-09-30 15:11:10
1201,4,464,3,OK !,2020-09-30 15:11:10
1200,4,463,2,Poor ☹,2020-09-30 15:11:10
1199,4,462,5,Excelent Product I love it ❤,2020-09-30 15:11:10
1198,4,461,1,Very Bad Product,2020-09-30 15:11:10
1197,4,460,3,OK !,2020-09-30 15:11:10
1196,4,459,5,Excelent Product I love it ❤,2020-09-30 15:11:10
1195,4,458,3,OK !,2020-09-30 15:11:09
1194,4,457,3,OK !,2020-09-30 15:11:09
1193,4,456,3,OK !,2020-09-30 15:11:09
1192,4,455,5,Excelent Product I love it ❤,2020-09-30 15:11:09
1191,4,454,3,OK !,2020-09-30 15:11:09
1190,4,453,4,Good Product,2020-09-30 15:11:09
1189,4,452,3,OK !,2020-09-30 15:11:09
1188,4,451,4,Good Product,2020-09-30 15:11:09
1187,4,450,4,Good Product,2020-09-30 15:11:08
1186,4,449,2,Poor ☹,2020-09-30 15:11:08
1185,4,448,4,Good Product,2020-09-30 15:11:08
1184,4,447,5,Excelent Product I love it ❤,2020-09-30 15:11:08
1183,4,446,5,Excelent Product I love it ❤,2020-09-30 15:11:08
1182,4,445,1,Very Bad Product,2020-09-30 15:11:08
1181,4,444,5,Excelent Product I love it ❤,2020-09-30 15:11:08
1180,4,443,2,Poor ☹,2020-09-30 15:11:08
1179,4,442,3,OK !,2020-09-30 15:11:07
1178,4,441,4,Good Product,2020-09-30 15:11:07
1177,4,440,1,Very Bad Product,2020-09-30 15:11:07
1176,4,439,5,Excelent Product I love it ❤,2020-09-30 15:11:07
1175,4,438,4,Good Product,2020-09-30 15:11:07
1174,4,437,4,Good Product,2020-09-30 15:11:07
1173,4,436,4,Good Product,2020-09-30 15:11:07
1172,4,435,4,Good Product,2020-09-30 15:11:07
1171,4,434,2,Poor ☹,2020-09-30 15:11:07
1170,4,433,2,Poor ☹,2020-09-30 15:11:07
1169,4,432,5,Excelent Product I love it ❤,2020-09-30 15:11:06
1168,4,431,4,Good Product,2020-09-30 15:11:06
1167,4,430,1,Very Bad Product,2020-09-30 15:11:06
1166,4,429,4,Good Product,2020-09-30 15:11:06
1165,4,428,4,Good Product,2020-09-30 15:11:06
1164,4,427,2,Poor ☹,2020-09-30 15:11:06
1163,4,426,5,Excelent Product I love it ❤,2020-09-30 15:11:06
1162,4,425,1,Very Bad Product,2020-09-30 15:11:06
1161,4,424,5,Excelent Product I love it ❤,2020-09-30 15:11:05
1160,4,423,3,OK !,2020-09-30 15:11:05
1159,4,422,2,Poor ☹,2020-09-30 15:11:05
1158,4,421,2,Poor ☹,2020-09-30 15:11:05
1157,4,420,5,Excelent Product I love it ❤,2020-09-30 15:11:05
1156,4,419,3,OK !,2020-09-30 15:11:05
1155,4,418,1,Very Bad Product,2020-09-30 15:11:04
1154,4,417,5,Excelent Product I love it ❤,2020-09-30 15:11:04
1153,4,416,4,Good Product,2020-09-30 15:11:04
1152,4,415,2,Poor ☹,2020-09-30 15:11:04
1151,4,414,4,Good Product,2020-09-30 15:11:04
1150,4,413,1,Very Bad Product,2020-09-30 15:11:04
1149,4,412,4,Good Product,2020-09-30 15:11:04
1148,4,411,4,Good Product,2020-09-30 15:11:03
1147,4,410,4,Good Product,2020-09-30 15:11:03
1146,4,409,1,Very Bad Product,2020-09-30 15:11:03
1145,4,408,1,Very Bad Product,2020-09-30 15:11:03
1144,4,407,2,Poor ☹,2020-09-30 15:11:03
1143,4,406,5,Excelent Product I love it ❤,2020-09-30 15:11:03
1142,4,405,4,Good Product,2020-09-30 15:11:03
1141,4,404,4,Good Product,2020-09-30 15:11:02
1140,4,403,5,Excelent Product I love it ❤,2020-09-30 15:11:02
1139,4,402,4,Good Product,2020-09-30 15:11:02
1138,4,401,4,Good Product,2020-09-30 15:11:02
1137,4,400,1,Very Bad Product,2020-09-30 15:11:02
1136,4,399,2,Poor ☹,2020-09-30 15:11:02
1135,4,398,2,Poor ☹,2020-09-30 15:11:02
1134,4,397,5,Excelent Product I love it ❤,2020-09-30 15:11:01
1133,4,396,2,Poor ☹,2020-09-30 15:11:01
1132,4,395,3,OK !,2020-09-30 15:11:01
1131,4,394,2,Poor ☹,2020-09-30 15:11:01
1130,4,393,1,Very Bad Product,2020-09-30 15:11:01
1129,4,392,2,Poor ☹,2020-09-30 15:11:01
1128,4,391,1,Very Bad Product,2020-09-30 15:11:00
1127,4,390,3,OK !,2020-09-30 15:11:00
1126,4,389,4,Good Product,2020-09-30 15:11:00
1125,4,388,3,OK !,2020-09-30 15:11:00
1124,4,387,4,Good Product,2020-09-30 15:11:00
1123,4,386,5,Excelent Product I love it ❤,2020-09-30 15:11:00
1122,4,385,4,Good Product,2020-09-30 15:11:00
1121,4,384,2,Poor ☹,2020-09-30 15:11:00
1120,4,383,2,Poor ☹,2020-09-30 15:10:59
1119,4,382,1,Very Bad Product,2020-09-30 15:10:59
1118,4,381,2,Poor ☹,2020-09-30 15:10:59
1117,4,380,1,Very Bad Product,2020-09-30 15:10:59
1116,4,379,4,Good Product,2020-09-30 15:10:59
1115,4,378,5,Excelent Product I love it ❤,2020-09-30 15:10:59
1114,4,377,2,Poor ☹,2020-09-30 15:10:58
1113,4,376,3,OK !,2020-09-30 15:10:58
1112,4,375,3,OK !,2020-09-30 15:10:58
1111,4,374,4,Good Product,2020-09-30 15:10:58
1110,4,373,5,Excelent Product I love it ❤,2020-09-30 15:10:57
1109,4,372,4,Good Product,2020-09-30 15:10:57
1108,4,371,3,OK !,2020-09-30 15:10:57
1107,4,370,5,Excelent Product I love it ❤,2020-09-30 15:10:57
1106,4,369,3,OK !,2020-09-30 15:10:57
1105,4,368,4,Good Product,2020-09-30 15:10:56
1104,4,367,4,Good Product,2020-09-30 15:10:56
1103,4,366,4,Good Product,2020-09-30 15:10:56
1102,4,365,2,Poor ☹,2020-09-30 15:10:56
1101,4,364,5,Excelent Product I love it ❤,2020-09-30 15:10:56
1100,4,363,4,Good Product,2020-09-30 15:10:56
1099,4,362,2,Poor ☹,2020-09-30 15:10:55
1098,4,361,2,Poor ☹,2020-09-30 15:10:55
1097,4,360,3,OK !,2020-09-30 15:10:55
1096,4,359,2,Poor ☹,2020-09-30 15:10:55
1095,4,358,5,Excelent Product I love it ❤,2020-09-30 15:10:55
1094,4,357,2,Poor ☹,2020-09-30 15:10:54
1093,4,356,2,Poor ☹,2020-09-30 15:10:54
1092,4,355,1,Very Bad Product,2020-09-30 15:10:54
1091,4,354,1,Very Bad Product,2020-09-30 15:10:54
1090,4,353,1,Very Bad Product,2020-09-30 15:10:54
1089,4,352,5,Excelent Product I love it ❤,2020-09-30 15:10:54
1088,4,351,1,Very Bad Product,2020-09-30 15:10:53
1087,4,350,2,Poor ☹,2020-09-30 15:10:53
1086,4,349,2,Poor ☹,2020-09-30 15:10:53
1085,4,348,3,OK !,2020-09-30 15:10:53
1084,4,347,1,Very Bad Product,2020-09-30 15:10:53
1083,4,346,4,Good Product,2020-09-30 15:10:53
1082,4,345,2,Poor ☹,2020-09-30 15:10:52
1081,4,344,4,Good Product,2020-09-30 15:10:52
1080,4,343,2,Poor ☹,2020-09-30 15:10:52
1079,4,342,1,Very Bad Product,2020-09-30 15:10:52
1078,4,341,2,Poor ☹,2020-09-30 15:10:52
1077,4,340,5,Excelent Product I love it ❤,2020-09-30 15:10:52
1076,4,339,3,OK !,2020-09-30 15:10:52
1075,4,336,1,Very Bad Product,2020-09-30 15:10:52
1074,4,335,4,Good Product,2020-09-30 15:10:51
1073,4,334,1,Very Bad Product,2020-09-30 15:10:51
1072,4,333,3,OK !,2020-09-30 15:10:51
1071,4,332,3,OK !,2020-09-30 15:10:51
1070,4,331,3,OK !,2020-09-30 15:10:51
1069,4,330,1,Very Bad Product,2020-09-30 15:10:51
1068,4,329,4,Good Product,2020-09-30 15:10:51
1067,4,328,2,Poor ☹,2020-09-30 15:10:50
1066,4,327,3,OK !,2020-09-30 15:10:50
1065,4,326,2,Poor ☹,2020-09-30 15:10:50
1064,4,325,2,Poor ☹,2020-09-30 15:10:50
1063,4,324,4,Good Product,2020-09-30 15:10:50
1062,4,323,2,Poor ☹,2020-09-30 15:10:50
1061,4,322,1,Very Bad Product,2020-09-30 15:10:49
1060,4,321,5,Excelent Product I love it ❤,2020-09-30 15:10:49
1059,4,320,4,Good Product,2020-09-30 15:10:49
1058,4,319,2,Poor ☹,2020-09-30 15:10:49
1057,4,318,2,Poor ☹,2020-09-30 15:10:49
1056,4,317,5,Excelent Product I love it ❤,2020-09-30 15:10:48
1055,4,316,5,Excelent Product I love it ❤,2020-09-30 15:10:48
1054,4,315,1,Very Bad Product,2020-09-30 15:10:48
1053,4,314,3,OK !,2020-09-30 15:10:48
1052,4,313,5,Excelent Product I love it ❤,2020-09-30 15:10:48
1051,4,312,5,Excelent Product I love it ❤,2020-09-30 15:10:48
1050,4,311,1,Very Bad Product,2020-09-30 15:10:48
1049,4,310,1,Very Bad Product,2020-09-30 15:10:48
1048,4,309,1,Very Bad Product,2020-09-30 15:10:48
1047,4,308,4,Good Product,2020-09-30 15:10:47
1046,4,307,1,Very Bad Product,2020-09-30 15:10:47
1045,4,306,2,Poor ☹,2020-09-30 15:10:47
1044,4,305,1,Very Bad Product,2020-09-30 15:10:47
1043,4,304,3,OK !,2020-09-30 15:10:47
1042,4,303,5,Excelent Product I love it ❤,2020-09-30 15:10:47
1041,4,302,2,Poor ☹,2020-09-30 15:10:47
1040,4,301,5,Excelent Product I love it ❤,2020-09-30 15:10:46
1039,4,300,2,Poor ☹,2020-09-30 15:10:46
1038,4,297,3,OK !,2020-09-30 15:10:46
1037,4,296,5,Excelent Product I love it ❤,2020-09-30 15:10:46
1036,4,295,1,Very Bad Product,2020-09-30 15:10:46
1035,4,294,1,Very Bad Product,2020-09-30 15:10:46
1034,4,293,1,Very Bad Product,2020-09-30 15:10:46
1033,4,292,5,Excelent Product I love it ❤,2020-09-30 15:10:46
1032,4,291,3,OK !,2020-09-30 15:10:46
1031,4,290,4,Good Product,2020-09-30 15:10:45
1030,4,289,4,Good Product,2020-09-30 15:10:45
1029,4,288,5,Excelent Product I love it ❤,2020-09-30 15:10:45
1028,4,287,5,Excelent Product I love it ❤,2020-09-30 15:10:45
1027,4,286,1,Very Bad Product,2020-09-30 15:10:45
1026,4,285,2,Poor ☹,2020-09-30 15:10:45
1025,4,284,2,Poor ☹,2020-09-30 15:10:45
1024,4,283,3,OK !,2020-09-30 15:10:45
1023,4,282,5,Excelent Product I love it ❤,2020-09-30 15:10:45
1022,4,281,4,Good Product,2020-09-30 15:10:44
1021,4,280,3,OK !,2020-09-30 15:10:44
1020,4,279,3,OK !,2020-09-30 15:10:44
1019,4,278,4,Good Product,2020-09-30 15:10:44
1018,4,277,3,OK !,2020-09-30 15:10:44
1017,4,276,4,Good Product,2020-09-30 15:10:44
1016,4,275,2,Poor ☹,2020-09-30 15:10:44
1015,4,274,2,Poor ☹,2020-09-30 15:10:44
1014,4,273,5,Excelent Product I love it ❤,2020-09-30 15:10:44
1013,4,272,2,Poor ☹,2020-09-30 15:10:43
1012,4,271,4,Good Product,2020-09-30 15:10:43
1011,4,270,2,Poor ☹,2020-09-30 15:10:43
1010,4,269,1,Very Bad Product,2020-09-30 15:10:43
1009,4,268,3,OK !,2020-09-30 15:10:43
1008,3,401,1,Very Bad Product,2020-08-26 16:40:54
1007,3,400,3,OK !,2020-08-26 16:40:54
1006,3,399,4,Good Product,2020-08-26 16:40:54
1005,3,398,5,Excelent Product I love it ❤,2020-08-26 16:40:54
1004,3,397,4,Good Product,2020-08-26 16:40:54
1003,3,396,1,Very Bad Product,2020-08-26 16:40:54
1002,3,395,5,Excelent Product I love it ❤,2020-08-26 16:40:54
1001,3,394,4,Good Product,2020-08-26 16:40:54
1000,3,393,3,OK !,2020-08-26 16:40:54
999,3,392,5,Excelent Product I love it ❤,2020-08-26 16:40:53
998,3,391,1,Very Bad Product,2020-08-26 16:40:53
997,3,390,3,OK !,2020-08-26 16:40:53
996,3,389,2,Poor ☹,2020-08-26 16:40:53
995,3,388,4,Good Product,2020-08-26 16:40:53
994,3,387,2,Poor ☹,2020-08-26 16:40:53
993,3,386,2,Poor ☹,2020-08-26 16:40:53
992,3,385,4,Good Product,2020-08-26 16:40:53
991,3,384,2,Poor ☹,2020-08-26 16:40:53
990,3,383,5,Excelent Product I love it ❤,2020-08-26 16:40:52
989,3,382,4,Good Product,2020-08-26 16:40:52
988,3,381,1,Very Bad Product,2020-08-26 16:40:52
987,3,380,5,Excelent Product I love it ❤,2020-08-26 16:40:52
986,3,379,2,Poor ☹,2020-08-26 16:40:52
985,3,378,3,OK !,2020-08-26 16:40:52
984,3,377,2,Poor ☹,2020-08-26 16:40:52
983,3,376,4,Good Product,2020-08-26 16:40:52
982,3,375,3,OK !,2020-08-26 16:40:52
981,3,374,3,OK !,2020-08-26 16:40:52
980,3,373,4,Good Product,2020-08-26 16:40:51
979,3,372,2,Poor ☹,2020-08-26 16:40:51
978,3,371,1,Very Bad Product,2020-08-26 16:40:51
977,3,370,5,Excelent Product I love it ❤,2020-08-26 16:40:51
976,3,369,2,Poor ☹,2020-08-26 16:40:51
975,3,368,4,Good Product,2020-08-26 16:40:51
974,3,367,5,Excelent Product I love it ❤,2020-08-26 16:40:51
973,3,366,1,Very Bad Product,2020-08-26 16:40:51
972,3,365,4,Good Product,2020-08-26 16:40:51
971,3,364,2,Poor ☹,2020-08-26 16:40:50
970,3,363,5,Excelent Product I love it ❤,2020-08-26 16:40:50
969,3,362,1,Very Bad Product,2020-08-26 16:40:50
968,3,361,1,Very Bad Product,2020-08-26 16:40:50
967,3,360,2,Poor ☹,2020-08-26 16:40:50
966,3,359,5,Excelent Product I love it ❤,2020-08-26 16:40:50
965,3,358,3,OK !,2020-08-26 16:40:50
964,3,357,5,Excelent Product I love it ❤,2020-08-26 16:40:50
963,3,356,2,Poor ☹,2020-08-26 16:40:49
962,3,355,1,Very Bad Product,2020-08-26 16:40:49
961,3,354,4,Good Product,2020-08-26 16:40:49
960,3,353,5,Excelent Product I love it ❤,2020-08-26 16:40:49
959,3,352,1,Very Bad Product,2020-08-26 16:40:49
958,3,351,5,Excelent Product I love it ❤,2020-08-26 16:40:49
957,3,350,5,Excelent Product I love it ❤,2020-08-26 16:40:49
956,3,349,4,Good Product,2020-08-26 16:40:49
955,3,348,2,Poor ☹,2020-08-26 16:40:49
954,3,347,1,Very Bad Product,2020-08-26 16:40:48
953,3,346,3,OK !,2020-08-26 16:40:47
952,3,345,2,Poor ☹,2020-08-26 16:40:47
951,3,344,1,Very Bad Product,2020-08-26 16:40:47
950,3,343,4,Good Product,2020-08-26 16:40:47
949,3,342,3,OK !,2020-08-26 16:40:47
948,3,341,2,Poor ☹,2020-08-26 16:40:47
947,3,340,3,OK !,2020-08-26 16:40:47
946,3,339,5,Excelent Product I love it ❤,2020-08-26 16:40:46
945,3,336,4,Good Product,2020-08-26 16:40:46
944,3,335,3,OK !,2020-08-26 16:40:45
943,3,334,2,Poor ☹,2020-08-26 16:40:45
942,3,333,4,Good Product,2020-08-26 16:40:45
941,3,332,3,OK !,2020-08-26 16:40:45
940,3,331,1,Very Bad Product,2020-08-26 16:40:44
939,3,330,3,OK !,2020-08-26 16:40:44
938,3,329,1,Very Bad Product,2020-08-26 16:40:44
937,3,328,3,OK !,2020-08-26 16:40:43
936,3,327,1,Very Bad Product,2020-08-26 16:40:43
935,3,326,3,OK !,2020-08-26 16:40:42
934,3,325,2,Poor ☹,2020-08-26 16:40:42
933,3,324,2,Poor ☹,2020-08-26 16:40:42
932,3,323,5,Excelent Product I love it ❤,2020-08-26 16:40:42
931,3,322,1,Very Bad Product,2020-08-26 16:40:41
930,3,321,5,Excelent Product I love it ❤,2020-08-26 16:40:41
929,3,320,3,OK !,2020-08-26 16:40:41
928,3,319,5,Excelent Product I love it ❤,2020-08-26 16:40:41
927,3,318,2,Poor ☹,2020-08-26 16:40:41
926,3,317,4,Good Product,2020-08-26 16:40:40
925,3,316,4,Good Product,2020-08-26 16:40:40
924,3,315,3,OK !,2020-08-26 16:40:40
923,3,314,4,Good Product,2020-08-26 16:40:40
922,3,313,3,OK !,2020-08-26 16:40:40
921,3,312,5,Excelent Product I love it ❤,2020-08-26 16:40:40
920,3,311,4,Good Product,2020-08-26 16:40:39
919,3,310,1,Very Bad Product,2020-08-26 16:40:39
918,3,309,3,OK !,2020-08-26 16:40:39
917,3,308,3,OK !,2020-08-26 16:40:39
916,3,307,5,Excelent Product I love it ❤,2020-08-26 16:40:39
915,3,306,4,Good Product,2020-08-26 16:40:39
914,3,305,4,Good Product,2020-08-26 16:40:38
913,3,304,5,Excelent Product I love it ❤,2020-08-26 16:40:38
912,3,303,2,Poor ☹,2020-08-26 16:40:38
911,3,302,5,Excelent Product I love it ❤,2020-08-26 16:40:38
910,3,301,5,Excelent Product I love it ❤,2020-08-26 16:40:38
909,3,300,2,Poor ☹,2020-08-26 16:40:38
908,3,297,1,Very Bad Product,2020-08-26 16:40:37
907,3,296,1,Very Bad Product,2020-08-26 16:40:36
906,3,295,5,Excelent Product I love it ❤,2020-08-26 16:40:36
905,3,294,3,OK !,2020-08-26 16:40:36
904,3,293,1,Very Bad Product,2020-08-26 16:40:36
903,3,292,4,Good Product,2020-08-26 16:40:35
902,3,291,2,Poor ☹,2020-08-26 16:40:35
901,3,290,4,Good Product,2020-08-26 16:40:35
900,3,289,3,OK !,2020-08-26 16:40:34
899,3,288,1,Very Bad Product,2020-08-26 16:40:34
898,3,287,5,Excelent Product I love it ❤,2020-08-26 16:40:34
897,3,286,2,Poor ☹,2020-08-26 16:40:34
896,3,285,1,Very Bad Product,2020-08-26 16:40:33
895,3,284,4,Good Product,2020-08-26 16:40:33
894,3,283,2,Poor ☹,2020-08-26 16:40:33
893,3,282,5,Excelent Product I love it ❤,2020-08-26 16:40:32
892,3,281,5,Excelent Product I love it ❤,2020-08-26 16:40:32
891,3,280,3,OK !,2020-08-26 16:40:32
890,3,279,4,Good Product,2020-08-26 16:40:32
889,3,278,3,OK !,2020-08-26 16:40:32
888,3,277,3,OK !,2020-08-26 16:40:31
887,3,276,1,Very Bad Product,2020-08-26 16:40:31
886,3,275,5,Excelent Product I love it ❤,2020-08-26 16:40:31
885,3,274,4,Good Product,2020-08-26 16:40:31
884,3,273,3,OK !,2020-08-26 16:40:31
883,3,272,5,Excelent Product I love it ❤,2020-08-26 16:40:31
882,3,271,2,Poor ☹,2020-08-26 16:40:31
881,3,270,1,Very Bad Product,2020-08-26 16:40:31
880,3,269,5,Excelent Product I love it ❤,2020-08-26 16:40:30
879,3,268,4,Good Product,2020-08-26 16:40:30
878,3,267,4,Good Product,2020-08-26 16:40:30
877,3,266,3,OK !,2020-08-26 16:40:30
876,3,265,2,Poor ☹,2020-08-26 16:40:30
875,3,264,3,OK !,2020-08-26 16:40:30
874,3,263,2,Poor ☹,2020-08-26 16:40:30
873,3,262,4,Good Product,2020-08-26 16:40:29
872,3,261,3,OK !,2020-08-26 16:40:29
871,3,260,3,OK !,2020-08-26 16:40:29
870,3,259,3,OK !,2020-08-26 16:40:29
869,3,258,4,Good Product,2020-08-26 16:40:29
868,3,257,4,Good Product,2020-08-26 16:40:29
867,3,256,3,OK !,2020-08-26 16:40:28
866,3,255,3,OK !,2020-08-26 16:40:28
865,3,254,1,Very Bad Product,2020-08-26 16:40:28
864,3,253,1,Very Bad Product,2020-08-26 16:40:28
863,3,252,4,Good Product,2020-08-26 16:40:28
862,3,251,5,Excelent Product I love it ❤,2020-08-26 16:40:28
861,3,250,1,Very Bad Product,2020-08-26 16:40:27
860,3,249,4,Good Product,2020-08-26 16:40:27
859,3,248,4,Good Product,2020-08-26 16:40:27
858,3,247,4,Good Product,2020-08-26 16:40:27
857,3,246,4,Good Product,2020-08-26 16:40:27
856,3,245,5,Excelent Product I love it ❤,2020-08-26 16:40:27
855,3,244,3,OK !,2020-08-26 16:40:27
854,3,243,5,Excelent Product I love it ❤,2020-08-26 16:40:27
853,3,242,1,Very Bad Product,2020-08-26 16:40:27
852,3,241,2,Poor ☹,2020-08-26 16:40:26
851,3,240,1,Very Bad Product,2020-08-26 16:40:26
850,3,239,5,Excelent Product I love it ❤,2020-08-26 16:40:26
849,3,238,2,Poor ☹,2020-08-26 16:40:26
848,3,237,5,Excelent Product I love it ❤,2020-08-26 16:40:26
847,3,236,1,Very Bad Product,2020-08-26 16:40:26
846,3,235,1,Very Bad Product,2020-08-26 16:40:26
845,3,234,4,Good Product,2020-08-26 16:40:26
844,3,233,3,OK !,2020-08-26 16:40:26
843,3,232,5,Excelent Product I love it ❤,2020-08-26 16:40:25
842,3,231,3,OK !,2020-08-26 16:40:25
841,3,230,3,OK !,2020-08-26 16:40:25
840,3,229,4,Good Product,2020-08-26 16:40:25
839,3,228,2,Poor ☹,2020-08-26 16:40:25
838,3,227,5,Excelent Product I love it ❤,2020-08-26 16:40:25
837,3,226,2,Poor ☹,2020-08-26 16:40:25
836,3,225,5,Excelent Product I love it ❤,2020-08-26 16:40:25
835,3,224,4,Good Product,2020-08-26 16:40:24
834,3,216,5,Excelent Product I love it ❤,2020-08-26 16:40:24
833,3,215,3,OK !,2020-08-26 16:40:24
832,3,214,2,Poor ☹,2020-08-26 16:40:24
831,3,213,4,Good Product,2020-08-26 16:40:24
830,3,212,4,Good Product,2020-08-26 16:40:24
829,3,211,3,OK !,2020-08-26 16:40:24
828,3,210,5,Excelent Product I love it ❤,2020-08-26 16:40:24
827,3,209,1,Very Bad Product,2020-08-26 16:40:24
826,3,208,2,Poor ☹,2020-08-26 16:40:23
825,3,207,4,Good Product,2020-08-26 16:40:23
824,3,206,4,Good Product,2020-08-26 16:40:23
823,3,205,4,Good Product,2020-08-26 16:40:23
822,3,204,2,Poor ☹,2020-08-26 16:40:23
821,3,203,3,OK !,2020-08-26 16:40:23
820,3,202,2,Poor ☹,2020-08-26 16:40:23
819,3,201,3,OK !,2020-08-26 16:40:23
818,3,200,5,Excelent Product I love it ❤,2020-08-26 16:40:23
817,3,199,3,OK !,2020-08-26 16:40:22
816,3,198,4,Good Product,2020-08-26 16:40:22
815,3,197,2,Poor ☹,2020-08-26 16:40:22
814,3,196,1,Very Bad Product,2020-08-26 16:40:22
813,3,195,3,OK !,2020-08-26 16:40:22
812,3,194,2,Poor ☹,2020-08-26 16:40:22
811,3,193,2,Poor ☹,2020-08-26 16:40:22
810,3,192,2,Poor ☹,2020-08-26 16:40:22
809,3,191,4,Good Product,2020-08-26 16:40:21
808,3,190,2,Poor ☹,2020-08-26 16:40:21
807,3,189,2,Poor ☹,2020-08-26 16:40:21
806,3,188,3,OK !,2020-08-26 16:40:21
805,3,187,1,Very Bad Product,2020-08-26 16:40:21
804,3,186,5,Excelent Product I love it ❤,2020-08-26 16:40:21
803,3,185,4,Good Product,2020-08-26 16:40:21
802,3,184,1,Very Bad Product,2020-08-26 16:40:21
801,3,183,1,Very Bad Product,2020-08-26 16:40:21
800,3,182,4,Good Product,2020-08-26 16:40:21
799,3,181,1,Very Bad Product,2020-08-26 16:40:20
798,3,180,3,OK !,2020-08-26 16:40:20
797,3,179,5,Excelent Product I love it ❤,2020-08-26 16:40:20
796,3,178,4,Good Product,2020-08-26 16:40:20
795,3,177,2,Poor ☹,2020-08-26 16:40:20
794,3,176,2,Poor ☹,2020-08-26 16:40:20
793,3,175,2,Poor ☹,2020-08-26 16:40:20
792,3,174,3,OK !,2020-08-26 16:40:20
791,3,173,5,Excelent Product I love it ❤,2020-08-26 16:40:20
790,3,172,5,Excelent Product I love it ❤,2020-08-26 16:40:19
789,3,171,1,Very Bad Product,2020-08-26 16:40:19
788,3,170,3,OK !,2020-08-26 16:40:19
787,3,169,5,Excelent Product I love it ❤,2020-08-26 16:40:19
786,3,168,4,Good Product,2020-08-26 16:40:19
785,3,167,4,Good Product,2020-08-26 16:40:19
784,3,166,5,Excelent Product I love it ❤,2020-08-26 16:40:19
783,3,165,5,Excelent Product I love it ❤,2020-08-26 16:40:19
782,3,164,3,OK !,2020-08-26 16:40:19
781,3,163,2,Poor ☹,2020-08-26 16:40:18
780,3,162,2,Poor ☹,2020-08-26 16:40:18
779,3,161,3,OK !,2020-08-26 16:40:18
778,3,160,5,Excelent Product I love it ❤,2020-08-26 16:40:18
777,3,159,3,OK !,2020-08-26 16:40:18
776,3,158,5,Excelent Product I love it ❤,2020-08-26 16:40:18
775,3,157,5,Excelent Product I love it ❤,2020-08-26 16:40:18
774,3,156,4,Good Product,2020-08-26 16:40:18
773,3,155,1,Very Bad Product,2020-08-26 16:40:18
772,3,154,5,Excelent Product I love it ❤,2020-08-26 16:40:17
771,3,153,2,Poor ☹,2020-08-26 16:40:17
770,3,152,4,Good Product,2020-08-26 16:40:17
769,3,151,4,Good Product,2020-08-26 16:40:17
768,3,150,1,Very Bad Product,2020-08-26 16:40:17
767,3,149,5,Excelent Product I love it ❤,2020-08-26 16:40:17
766,3,148,4,Good Product,2020-08-26 16:40:17
765,3,147,5,Excelent Product I love it ❤,2020-08-26 16:40:17
764,3,146,1,Very Bad Product,2020-08-26 16:40:17
763,3,145,4,Good Product,2020-08-26 16:40:17
762,3,144,5,Excelent Product I love it ❤,2020-08-26 16:40:16
761,3,143,5,Excelent Product I love it ❤,2020-08-26 16:40:16
760,3,142,5,Excelent Product I love it ❤,2020-08-26 16:40:16
759,3,141,2,Poor ☹,2020-08-26 16:40:16
758,3,140,3,OK !,2020-08-26 16:40:16
757,3,139,5,Excelent Product I love it ❤,2020-08-26 16:40:16
756,3,138,2,Poor ☹,2020-08-26 16:40:16
755,3,137,1,Very Bad Product,2020-08-26 16:40:16
754,3,136,3,OK !,2020-08-26 16:40:16
753,3,135,4,Good Product,2020-08-26 16:40:15
752,3,130,2,Poor ☹,2020-08-26 16:40:15
751,3,129,5,Excelent Product I love it ❤,2020-08-26 16:40:15
750,3,128,1,Very Bad Product,2020-08-26 16:40:15
749,3,127,4,Good Product,2020-08-26 16:40:15
748,3,126,3,OK !,2020-08-26 16:40:15
747,3,125,1,Very Bad Product,2020-08-26 16:40:15
746,3,124,2,Poor ☹,2020-08-26 16:40:15
745,3,123,1,Very Bad Product,2020-08-26 16:40:14
744,3,122,1,Very Bad Product,2020-08-26 16:40:14
743,3,121,3,OK !,2020-08-26 16:40:14
742,3,120,4,Good Product,2020-08-26 16:40:14
741,3,119,3,OK !,2020-08-26 16:40:14
740,3,113,3,OK !,2020-08-26 16:40:14
739,3,112,3,OK !,2020-08-26 16:40:14
738,3,111,4,Good Product,2020-08-26 16:40:14
737,3,110,4,Good Product,2020-08-26 16:40:14
736,3,109,4,Good Product,2020-08-26 16:40:13
735,3,108,3,OK !,2020-08-26 16:40:13
734,3,107,2,Poor ☹,2020-08-26 16:40:13
733,3,106,4,Good Product,2020-08-26 16:40:13
732,3,105,5,Excelent Product I love it ❤,2020-08-26 16:40:13
731,3,104,1,Very Bad Product,2020-08-26 16:40:13
730,3,103,5,Excelent Product I love it ❤,2020-08-26 16:40:13
729,3,102,2,Poor ☹,2020-08-26 16:40:13
728,3,101,1,Very Bad Product,2020-08-26 16:40:12
727,3,100,3,OK !,2020-08-26 16:40:12
726,3,99,2,Poor ☹,2020-08-26 16:40:12
725,3,98,1,Very Bad Product,2020-08-26 16:40:12
724,3,97,2,Poor ☹,2020-08-26 16:40:12
723,3,96,4,Good Product,2020-08-26 16:40:12
722,3,94,5,Excelent Product I love it ❤,2020-08-26 16:40:12
721,3,93,4,Good Product,2020-08-26 16:40:12
720,3,92,4,Good Product,2020-08-26 16:40:12
719,3,91,2,Poor ☹,2020-08-26 16:40:11
718,3,90,5,Excelent Product I love it ❤,2020-08-26 16:40:11
717,3,89,2,Poor ☹,2020-08-26 16:40:11
716,3,88,3,OK !,2020-08-26 16:40:11
715,3,87,5,Excelent Product I love it ❤,2020-08-26 16:40:11
714,3,86,3,OK !,2020-08-26 16:40:11
713,3,85,5,Excelent Product I love it ❤,2020-08-26 16:40:11
712,3,84,3,OK !,2020-08-26 16:40:11
711,3,83,3,OK !,2020-08-26 16:40:11
710,3,82,5,Excelent Product I love it ❤,2020-08-26 16:40:10
709,3,78,2,Poor ☹,2020-08-26 16:40:10
708,3,77,1,Very Bad Product,2020-08-26 16:40:10
707,3,76,2,Poor ☹,2020-08-26 16:40:10
706,3,75,5,Excelent Product I love it ❤,2020-08-26 16:40:10
705,3,74,1,Very Bad Product,2020-08-26 16:40:10
704,3,73,4,Good Product,2020-08-26 16:40:10
703,3,72,5,Excelent Product I love it ❤,2020-08-26 16:40:10
702,3,71,2,Poor ☹,2020-08-26 16:40:09
701,3,70,4,Good Product,2020-08-26 16:40:09
700,3,69,1,Very Bad Product,2020-08-26 16:40:09
699,3,68,5,Excelent Product I love it ❤,2020-08-26 16:40:09
698,3,67,2,Poor ☹,2020-08-26 16:40:09
697,3,66,3,OK !,2020-08-26 16:40:09
696,3,65,2,Poor ☹,2020-08-26 16:40:09
695,3,64,5,Excelent Product I love it ❤,2020-08-26 16:40:09
694,3,63,2,Poor ☹,2020-08-26 16:40:09
693,3,62,3,OK !,2020-08-26 16:40:08
692,3,61,2,Poor ☹,2020-08-26 16:40:08
691,3,60,5,Excelent Product I love it ❤,2020-08-26 16:40:08
690,3,59,4,Good Product,2020-08-26 16:40:08
689,3,58,2,Poor ☹,2020-08-26 16:40:08
688,3,57,4,Good Product,2020-08-26 16:40:08
687,3,56,3,OK !,2020-08-26 16:40:08
686,3,55,3,OK !,2020-08-26 16:40:08
685,3,54,2,Poor ☹,2020-08-26 16:40:07
684,3,53,4,Good Product,2020-08-26 16:40:07
683,3,52,5,Excelent Product I love it ❤,2020-08-26 16:40:07
682,3,51,3,OK !,2020-08-26 16:40:07
681,3,50,4,Good Product,2020-08-26 16:40:07
680,3,49,2,Poor ☹,2020-08-26 16:40:07
679,3,48,4,Good Product,2020-08-26 16:40:07
678,8,401,1,Very Bad Product,2020-08-26 16:40:07
677,8,400,3,OK !,2020-08-26 16:40:06
676,8,399,2,Poor ☹,2020-08-26 16:40:06
675,8,398,1,Very Bad Product,2020-08-26 16:40:06
674,8,397,1,Very Bad Product,2020-08-26 16:40:06
673,8,396,5,Excelent Product I love it ❤,2020-08-26 16:40:06
672,8,395,2,Poor ☹,2020-08-26 16:40:06
671,8,394,5,Excelent Product I love it ❤,2020-08-26 16:40:06
670,8,393,5,Excelent Product I love it ❤,2020-08-26 16:40:06
669,8,392,3,OK !,2020-08-26 16:40:06
668,8,391,5,Excelent Product I love it ❤,2020-08-26 16:40:06
667,8,390,5,Excelent Product I love it ❤,2020-08-26 16:40:05
666,8,389,1,Very Bad Product,2020-08-26 16:40:05
665,8,388,1,Very Bad Product,2020-08-26 16:40:05
664,8,387,1,Very Bad Product,2020-08-26 16:40:05
663,8,386,4,Good Product,2020-08-26 16:40:05
662,8,385,2,Poor ☹,2020-08-26 16:40:05
661,8,384,1,Very Bad Product,2020-08-26 16:40:05
660,8,383,2,Poor ☹,2020-08-26 16:40:05
659,8,382,2,Poor ☹,2020-08-26 16:40:05
658,8,381,3,OK !,2020-08-26 16:40:05
657,8,380,5,Excelent Product I love it ❤,2020-08-26 16:40:04
656,8,379,1,Very Bad Product,2020-08-26 16:40:04
655,8,378,3,OK !,2020-08-26 16:40:04
654,8,377,3,OK !,2020-08-26 16:40:04
653,8,376,5,Excelent Product I love it ❤,2020-08-26 16:40:04
652,8,375,4,Good Product,2020-08-26 16:40:04
651,8,374,4,Good Product,2020-08-26 16:40:04
650,8,373,4,Good Product,2020-08-26 16:40:04
649,8,372,5,Excelent Product I love it ❤,2020-08-26 16:40:04
648,8,371,1,Very Bad Product,2020-08-26 16:40:03
647,8,370,1,Very Bad Product,2020-08-26 16:40:03
646,8,369,1,Very Bad Product,2020-08-26 16:40:03
645,8,368,2,Poor ☹,2020-08-26 16:40:03
644,8,367,4,Good Product,2020-08-26 16:40:03
643,8,366,4,Good Product,2020-08-26 16:40:03
642,8,365,1,Very Bad Product,2020-08-26 16:40:03
641,8,364,3,OK !,2020-08-26 16:40:03
640,8,363,5,Excelent Product I love it ❤,2020-08-26 16:40:03
639,8,362,1,Very Bad Product,2020-08-26 16:40:02
638,8,361,2,Poor ☹,2020-08-26 16:40:02
637,8,360,4,Good Product,2020-08-26 16:40:02
636,8,359,3,OK !,2020-08-26 16:40:02
635,8,358,4,Good Product,2020-08-26 16:40:02
634,8,357,1,Very Bad Product,2020-08-26 16:40:02
633,8,356,1,Very Bad Product,2020-08-26 16:40:02
632,8,355,2,Poor ☹,2020-08-26 16:40:02
631,8,354,2,Poor ☹,2020-08-26 16:40:02
630,8,353,4,Good Product,2020-08-26 16:40:02
629,8,352,2,Poor ☹,2020-08-26 16:40:01
628,8,351,3,OK !,2020-08-26 16:40:01
627,8,350,3,OK !,2020-08-26 16:40:01
626,8,349,1,Very Bad Product,2020-08-26 16:40:01
625,8,348,1,Very Bad Product,2020-08-26 16:40:01
624,8,347,1,Very Bad Product,2020-08-26 16:40:01
623,8,346,1,Very Bad Product,2020-08-26 16:40:01
622,8,345,4,Good Product,2020-08-26 16:40:01
621,8,344,1,Very Bad Product,2020-08-26 16:40:01
620,8,343,3,OK !,2020-08-26 16:40:00
619,8,342,5,Excelent Product I love it ❤,2020-08-26 16:40:00
618,8,341,4,Good Product,2020-08-26 16:40:00
617,8,340,2,Poor ☹,2020-08-26 16:40:00
616,8,339,1,Very Bad Product,2020-08-26 16:40:00
615,8,336,4,Good Product,2020-08-26 16:40:00
614,8,335,3,OK !,2020-08-26 16:40:00
613,8,334,5,Excelent Product I love it ❤,2020-08-26 16:40:00
612,8,333,4,Good Product,2020-08-26 16:40:00
611,8,332,4,Good Product,2020-08-26 16:40:00
610,8,331,1,Very Bad Product,2020-08-26 16:39:59
609,8,330,3,OK !,2020-08-26 16:39:59
608,8,329,5,Excelent Product I love it ❤,2020-08-26 16:39:59
607,8,328,1,Very Bad Product,2020-08-26 16:39:59
606,8,327,5,Excelent Product I love it ❤,2020-08-26 16:39:59
605,8,326,2,Poor ☹,2020-08-26 16:39:59
604,8,325,1,Very Bad Product,2020-08-26 16:39:59
603,8,324,5,Excelent Product I love it ❤,2020-08-26 16:39:59
602,8,323,4,Good Product,2020-08-26 16:39:58
601,8,322,1,Very Bad Product,2020-08-26 16:39:58
600,8,321,2,Poor ☹,2020-08-26 16:39:58
599,8,320,3,OK !,2020-08-26 16:39:58
598,8,319,3,OK !,2020-08-26 16:39:58
597,8,318,4,Good Product,2020-08-26 16:39:58
596,8,317,2,Poor ☹,2020-08-26 16:39:58
595,8,316,5,Excelent Product I love it ❤,2020-08-26 16:39:58
594,8,315,5,Excelent Product I love it ❤,2020-08-26 16:39:58
593,8,314,5,Excelent Product I love it ❤,2020-08-26 16:39:57
592,8,313,4,Good Product,2020-08-26 16:39:57
591,8,312,4,Good Product,2020-08-26 16:39:57
590,8,311,2,Poor ☹,2020-08-26 16:39:57
589,8,310,2,Poor ☹,2020-08-26 16:39:57
588,8,309,2,Poor ☹,2020-08-26 16:39:57
587,8,308,1,Very Bad Product,2020-08-26 16:39:57
586,8,307,2,Poor ☹,2020-08-26 16:39:57
585,8,306,5,Excelent Product I love it ❤,2020-08-26 16:39:57
584,8,305,2,Poor ☹,2020-08-26 16:39:56
583,8,304,4,Good Product,2020-08-26 16:39:56
582,8,303,5,Excelent Product I love it ❤,2020-08-26 16:39:56
581,8,302,1,Very Bad Product,2020-08-26 16:39:56
580,8,301,4,Good Product,2020-08-26 16:39:56
579,8,300,1,Very Bad Product,2020-08-26 16:39:56
578,8,297,5,Excelent Product I love it ❤,2020-08-26 16:39:56
577,8,296,1,Very Bad Product,2020-08-26 16:39:56
576,8,295,1,Very Bad Product,2020-08-26 16:39:56
575,8,294,3,OK !,2020-08-26 16:39:55
574,8,293,3,OK !,2020-08-26 16:39:55
573,8,292,4,Good Product,2020-08-26 16:39:55
572,8,291,1,Very Bad Product,2020-08-26 16:39:55
571,8,290,4,Good Product,2020-08-26 16:39:55
570,8,289,4,Good Product,2020-08-26 16:39:55
569,8,288,1,Very Bad Product,2020-08-26 16:39:55
568,8,287,2,Poor ☹,2020-08-26 16:39:55
567,8,286,1,Very Bad Product,2020-08-26 16:39:55
566,8,285,1,Very Bad Product,2020-08-26 16:39:54
565,8,284,2,Poor ☹,2020-08-26 16:39:54
564,8,283,1,Very Bad Product,2020-08-26 16:39:54
563,8,282,3,OK !,2020-08-26 16:39:54
562,8,281,4,Good Product,2020-08-26 16:39:54
561,8,280,4,Good Product,2020-08-26 16:39:54
560,8,279,4,Good Product,2020-08-26 16:39:54
559,8,278,1,Very Bad Product,2020-08-26 16:39:54
558,8,277,4,Good Product,2020-08-26 16:39:54
557,8,276,4,Good Product,2020-08-26 16:39:53
556,8,275,1,Very Bad Product,2020-08-26 16:39:53
555,8,274,1,Very Bad Product,2020-08-26 16:39:53
554,8,273,2,Poor ☹,2020-08-26 16:39:53
553,8,272,2,Poor ☹,2020-08-26 16:39:53
552,8,271,5,Excelent Product I love it ❤,2020-08-26 16:39:53
551,8,270,3,OK !,2020-08-26 16:39:53
550,8,269,4,Good Product,2020-08-26 16:39:53
549,8,268,2,Poor ☹,2020-08-26 16:39:53
548,8,267,1,Very Bad Product,2020-08-26 16:39:52
547,8,266,4,Good Product,2020-08-26 16:39:52
546,8,265,2,Poor ☹,2020-08-26 16:39:52
545,8,264,4,Good Product,2020-08-26 16:39:52
544,8,263,1,Very Bad Product,2020-08-26 16:39:52
543,8,262,5,Excelent Product I love it ❤,2020-08-26 16:39:52
542,8,261,4,Good Product,2020-08-26 16:39:52
541,8,260,3,OK !,2020-08-26 16:39:52
540,8,259,1,Very Bad Product,2020-08-26 16:39:51
539,8,258,5,Excelent Product I love it ❤,2020-08-26 16:39:51
538,8,257,5,Excelent Product I love it ❤,2020-08-26 16:39:51
537,8,256,4,Good Product,2020-08-26 16:39:51
536,8,255,4,Good Product,2020-08-26 16:39:51
535,8,254,1,Very Bad Product,2020-08-26 16:39:51
534,8,253,1,Very Bad Product,2020-08-26 16:39:51
533,8,252,5,Excelent Product I love it ❤,2020-08-26 16:39:51
532,8,251,1,Very Bad Product,2020-08-26 16:39:50
531,8,250,2,Poor ☹,2020-08-26 16:39:50
530,8,249,4,Good Product,2020-08-26 16:39:50
529,8,248,3,OK !,2020-08-26 16:39:50
528,8,247,2,Poor ☹,2020-08-26 16:39:50
527,8,246,3,OK !,2020-08-26 16:39:50
526,8,245,1,Very Bad Product,2020-08-26 16:39:50
525,8,244,2,Poor ☹,2020-08-26 16:39:50
524,8,243,4,Good Product,2020-08-26 16:39:50
523,8,242,2,Poor ☹,2020-08-26 16:39:49
522,8,241,3,OK !,2020-08-26 16:39:49
521,8,240,5,Excelent Product I love it ❤,2020-08-26 16:39:49
520,8,239,2,Poor ☹,2020-08-26 16:39:49
519,8,238,5,Excelent Product I love it ❤,2020-08-26 16:39:49
518,8,237,4,Good Product,2020-08-26 16:39:49
517,8,236,5,Excelent Product I love it ❤,2020-08-26 16:39:49
516,8,235,3,OK !,2020-08-26 16:39:49
515,8,234,5,Excelent Product I love it ❤,2020-08-26 16:39:49
514,8,233,5,Excelent Product I love it ❤,2020-08-26 16:39:48
513,8,232,3,OK !,2020-08-26 16:39:48
512,8,231,5,Excelent Product I love it ❤,2020-08-26 16:39:48
511,8,230,5,Excelent Product I love it ❤,2020-08-26 16:39:48
510,8,229,5,Excelent Product I love it ❤,2020-08-26 16:39:48
509,8,228,5,Excelent Product I love it ❤,2020-08-26 16:39:48
508,8,227,5,Excelent Product I love it ❤,2020-08-26 16:39:48
507,8,226,2,Poor ☹,2020-08-26 16:39:48
506,8,225,4,Good Product,2020-08-26 16:39:48
505,8,224,3,OK !,2020-08-26 16:39:47
504,8,216,2,Poor ☹,2020-08-26 16:39:47
503,8,215,1,Very Bad Product,2020-08-26 16:39:47
502,8,214,1,Very Bad Product,2020-08-26 16:39:47
501,8,213,2,Poor ☹,2020-08-26 16:39:47
500,8,212,3,OK !,2020-08-26 16:39:47
499,8,211,2,Poor ☹,2020-08-26 16:39:47
498,8,210,2,Poor ☹,2020-08-26 16:39:47
497,8,209,4,Good Product,2020-08-26 16:39:47
496,8,208,1,Very Bad Product,2020-08-26 16:39:46
495,8,207,3,OK !,2020-08-26 16:39:46
494,8,206,5,Excelent Product I love it ❤,2020-08-26 16:39:46
493,8,205,3,OK !,2020-08-26 16:39:46
492,8,204,2,Poor ☹,2020-08-26 16:39:46
491,8,203,1,Very Bad Product,2020-08-26 16:39:46
490,8,202,5,Excelent Product I love it ❤,2020-08-26 16:39:46
489,8,201,3,OK !,2020-08-26 16:39:46
488,8,200,4,Good Product,2020-08-26 16:39:45
487,8,199,1,Very Bad Product,2020-08-26 16:39:45
486,8,198,5,Excelent Product I love it ❤,2020-08-26 16:39:45
485,8,197,4,Good Product,2020-08-26 16:39:45
484,8,196,1,Very Bad Product,2020-08-26 16:39:45
483,8,195,2,Poor ☹,2020-08-26 16:39:45
482,8,194,1,Very Bad Product,2020-08-26 16:39:45
481,8,193,3,OK !,2020-08-26 16:39:45
480,8,192,2,Poor ☹,2020-08-26 16:39:45
479,8,191,4,Good Product,2020-08-26 16:39:44
478,8,190,4,Good Product,2020-08-26 16:39:44
477,8,189,1,Very Bad Product,2020-08-26 16:39:44
476,8,188,1,Very Bad Product,2020-08-26 16:39:44
475,8,187,3,OK !,2020-08-26 16:39:44
474,8,186,3,OK !,2020-08-26 16:39:44
473,8,185,5,Excelent Product I love it ❤,2020-08-26 16:39:44
472,8,184,1,Very Bad Product,2020-08-26 16:39:44
471,8,183,3,OK !,2020-08-26 16:39:43
470,8,182,5,Excelent Product I love it ❤,2020-08-26 16:39:43
469,8,181,3,OK !,2020-08-26 16:39:43
468,8,180,1,Very Bad Product,2020-08-26 16:39:43
467,8,179,5,Excelent Product I love it ❤,2020-08-26 16:39:43
466,8,178,2,Poor ☹,2020-08-26 16:39:43
465,8,177,5,Excelent Product I love it ❤,2020-08-26 16:39:43
464,8,176,4,Good Product,2020-08-26 16:39:43
463,8,175,5,Excelent Product I love it ❤,2020-08-26 16:39:43
462,8,174,1,Very Bad Product,2020-08-26 16:39:42
461,8,173,5,Excelent Product I love it ❤,2020-08-26 16:39:42
460,8,172,2,Poor ☹,2020-08-26 16:39:42
459,8,171,5,Excelent Product I love it ❤,2020-08-26 16:39:42
458,8,170,2,Poor ☹,2020-08-26 16:39:42
457,8,169,4,Good Product,2020-08-26 16:39:42
456,8,168,3,OK !,2020-08-26 16:39:42
455,8,167,5,Excelent Product I love it ❤,2020-08-26 16:39:42
454,8,166,2,Poor ☹,2020-08-26 16:39:42
453,8,165,4,Good Product,2020-08-26 16:39:41
452,8,164,1,Very Bad Product,2020-08-26 16:39:41
451,8,163,5,Excelent Product I love it ❤,2020-08-26 16:39:41
450,8,162,2,Poor ☹,2020-08-26 16:39:41
449,8,161,1,Very Bad Product,2020-08-26 16:39:41
448,8,160,1,Very Bad Product,2020-08-26 16:39:41
447,8,159,1,Very Bad Product,2020-08-26 16:39:41
446,8,158,2,Poor ☹,2020-08-26 16:39:41
445,8,157,4,Good Product,2020-08-26 16:39:41
444,8,156,2,Poor ☹,2020-08-26 16:39:40
443,8,155,1,Very Bad Product,2020-08-26 16:39:40
442,8,154,3,OK !,2020-08-26 16:39:40
441,8,153,5,Excelent Product I love it ❤,2020-08-26 16:39:40
440,8,152,1,Very Bad Product,2020-08-26 16:39:40
439,8,151,4,Good Product,2020-08-26 16:39:40
438,8,150,4,Good Product,2020-08-26 16:39:40
437,8,149,1,Very Bad Product,2020-08-26 16:39:40
436,8,148,5,Excelent Product I love it ❤,2020-08-26 16:39:39
435,8,147,2,Poor ☹,2020-08-26 16:39:39
434,8,146,5,Excelent Product I love it ❤,2020-08-26 16:39:39
433,8,145,1,Very Bad Product,2020-08-26 16:39:39
432,8,144,5,Excelent Product I love it ❤,2020-08-26 16:39:39
431,8,143,2,Poor ☹,2020-08-26 16:39:39
430,8,142,3,OK !,2020-08-26 16:39:39
429,8,141,2,Poor ☹,2020-08-26 16:39:39
428,8,140,5,Excelent Product I love it ❤,2020-08-26 16:39:38
427,8,139,4,Good Product,2020-08-26 16:39:38
426,8,138,1,Very Bad Product,2020-08-26 16:39:38
425,8,137,2,Poor ☹,2020-08-26 16:39:38
424,8,136,1,Very Bad Product,2020-08-26 16:39:38
423,8,135,3,OK !,2020-08-26 16:39:37
422,8,130,1,Very Bad Product,2020-08-26 16:39:37
421,8,129,3,OK !,2020-08-26 16:39:37
420,8,128,4,Good Product,2020-08-26 16:39:37
419,8,127,2,Poor ☹,2020-08-26 16:39:37
418,8,126,1,Very Bad Product,2020-08-26 16:39:37
417,8,125,2,Poor ☹,2020-08-26 16:39:37
416,8,124,4,Good Product,2020-08-26 16:39:37
415,8,123,3,OK !,2020-08-26 16:39:36
414,8,122,3,OK !,2020-08-26 16:39:36
413,8,121,2,Poor ☹,2020-08-26 16:39:36
412,8,120,4,Good Product,2020-08-26 16:39:36
411,8,119,4,Good Product,2020-08-26 16:39:36
410,8,113,4,Good Product,2020-08-26 16:39:36
409,8,112,5,Excelent Product I love it ❤,2020-08-26 16:39:36
408,8,111,3,OK !,2020-08-26 16:39:36
407,8,110,5,Excelent Product I love it ❤,2020-08-26 16:39:36
406,8,109,2,Poor ☹,2020-08-26 16:39:35
405,8,108,2,Poor ☹,2020-08-26 16:39:35
404,8,107,4,Good Product,2020-08-26 16:39:35
403,8,106,3,OK !,2020-08-26 16:39:35
402,8,105,1,Very Bad Product,2020-08-26 16:39:35
401,8,104,4,Good Product,2020-08-26 16:39:35
400,8,103,3,OK !,2020-08-26 16:39:35
399,8,102,5,Excelent Product I love it ❤,2020-08-26 16:39:35
398,8,101,5,Excelent Product I love it ❤,2020-08-26 16:39:35
397,8,100,1,Very Bad Product,2020-08-26 16:39:34
396,8,99,5,Excelent Product I love it ❤,2020-08-26 16:39:34
395,8,98,2,Poor ☹,2020-08-26 16:39:34
394,8,97,1,Very Bad Product,2020-08-26 16:39:34
393,8,96,3,OK !,2020-08-26 16:39:34
392,8,94,1,Very Bad Product,2020-08-26 16:39:34
391,8,93,4,Good Product,2020-08-26 16:39:34
390,8,92,5,Excelent Product I love it ❤,2020-08-26 16:39:34
389,8,91,3,OK !,2020-08-26 16:39:33
388,8,90,4,Good Product,2020-08-26 16:39:33
387,8,89,2,Poor ☹,2020-08-26 16:39:33
386,8,88,2,Poor ☹,2020-08-26 16:39:33
385,8,87,3,OK !,2020-08-26 16:39:33
384,8,86,4,Good Product,2020-08-26 16:39:33
383,8,85,3,OK !,2020-08-26 16:39:33
382,8,84,4,Good Product,2020-08-26 16:39:32
381,8,83,1,Very Bad Product,2020-08-26 16:39:32
380,8,82,1,Very Bad Product,2020-08-26 16:39:32
379,8,78,5,Excelent Product I love it ❤,2020-08-26 16:39:32
378,8,77,5,Excelent Product I love it ❤,2020-08-26 16:39:32
377,8,76,1,Very Bad Product,2020-08-26 16:39:32
376,8,75,5,Excelent Product I love it ❤,2020-08-26 16:39:32
375,8,74,5,Excelent Product I love it ❤,2020-08-26 16:39:32
374,8,73,4,Good Product,2020-08-26 16:39:32
373,8,72,5,Excelent Product I love it ❤,2020-08-26 16:39:31
372,8,71,2,Poor ☹,2020-08-26 16:39:31
371,8,70,4,Good Product,2020-08-26 16:39:31
370,8,69,4,Good Product,2020-08-26 16:39:31
369,8,68,1,Very Bad Product,2020-08-26 16:39:31
368,8,67,5,Excelent Product I love it ❤,2020-08-26 16:39:31
367,8,66,3,OK !,2020-08-26 16:39:31
366,8,65,1,Very Bad Product,2020-08-26 16:39:30
365,8,64,3,OK !,2020-08-26 16:39:30
364,8,63,5,Excelent Product I love it ❤,2020-08-26 16:39:30
363,8,62,2,Poor ☹,2020-08-26 16:39:30
362,8,61,1,Very Bad Product,2020-08-26 16:39:30
361,8,60,3,OK !,2020-08-26 16:39:30
360,8,59,4,Good Product,2020-08-26 16:39:30
359,8,58,1,Very Bad Product,2020-08-26 16:39:30
358,8,57,5,Excelent Product I love it ❤,2020-08-26 16:39:29
357,8,56,2,Poor ☹,2020-08-26 16:39:29
356,8,55,5,Excelent Product I love it ❤,2020-08-26 16:39:29
355,8,54,3,OK !,2020-08-26 16:39:29
354,8,53,2,Poor ☹,2020-08-26 16:39:29
353,8,52,2,Poor ☹,2020-08-26 16:39:29
352,8,51,3,OK !,2020-08-26 16:39:29
351,8,50,5,Excelent Product I love it ❤,2020-08-26 16:39:29
350,8,49,3,OK !,2020-08-26 16:39:28
349,8,48,1,Very Bad Product,2020-08-26 16:39:28
348,1,401,5,Excelent Product I love it ❤,2020-08-26 16:39:28
347,1,400,1,Very Bad Product,2020-08-26 16:39:28
346,1,399,1,Very Bad Product,2020-08-26 16:39:28
345,1,398,2,Poor ☹,2020-08-26 16:39:28
344,1,397,5,Excelent Product I love it ❤,2020-08-26 16:39:28
343,1,396,5,Excelent Product I love it ❤,2020-08-26 16:39:28
342,1,395,4,Good Product,2020-08-26 16:39:28
341,1,394,1,Very Bad Product,2020-08-26 16:39:27
340,1,393,2,Poor ☹,2020-08-26 16:39:27
339,1,392,5,Excelent Product I love it ❤,2020-08-26 16:39:27
338,1,391,5,Excelent Product I love it ❤,2020-08-26 16:39:27
337,1,390,2,Poor ☹,2020-08-26 16:39:27
336,1,389,1,Very Bad Product,2020-08-26 16:39:27
335,1,388,1,Very Bad Product,2020-08-26 16:39:27
334,1,387,3,OK !,2020-08-26 16:39:27
333,1,386,5,Excelent Product I love it ❤,2020-08-26 16:39:27
332,1,385,1,Very Bad Product,2020-08-26 16:39:26
331,1,384,3,OK !,2020-08-26 16:39:26
330,1,383,5,Excelent Product I love it ❤,2020-08-26 16:39:26
329,1,382,4,Good Product,2020-08-26 16:39:26
328,1,381,5,Excelent Product I love it ❤,2020-08-26 16:39:26
327,1,380,1,Very Bad Product,2020-08-26 16:39:26
326,1,379,1,Very Bad Product,2020-08-26 16:39:26
325,1,378,2,Poor ☹,2020-08-26 16:39:26
324,1,377,1,Very Bad Product,2020-08-26 16:39:26
323,1,376,2,Poor ☹,2020-08-26 16:39:25
322,1,375,5,Excelent Product I love it ❤,2020-08-26 16:39:25
321,1,374,1,Very Bad Product,2020-08-26 16:39:25
320,1,373,4,Good Product,2020-08-26 16:39:25
319,1,372,2,Poor ☹,2020-08-26 16:39:25
318,1,371,5,Excelent Product I love it ❤,2020-08-26 16:39:25
317,1,370,3,OK !,2020-08-26 16:39:25
316,1,369,5,Excelent Product I love it ❤,2020-08-26 16:39:25
315,1,368,4,Good Product,2020-08-26 16:39:25
314,1,367,4,Good Product,2020-08-26 16:39:24
313,1,366,1,Very Bad Product,2020-08-26 16:39:24
312,1,365,2,Poor ☹,2020-08-26 16:39:24
311,1,364,1,Very Bad Product,2020-08-26 16:39:24
310,1,363,5,Excelent Product I love it ❤,2020-08-26 16:39:24
309,1,362,4,Good Product,2020-08-26 16:39:24
308,1,361,3,OK !,2020-08-26 16:39:24
307,1,360,3,OK !,2020-08-26 16:39:24
306,1,359,2,Poor ☹,2020-08-26 16:39:24
305,1,358,3,OK !,2020-08-26 16:39:23
304,1,357,3,OK !,2020-08-26 16:39:23
303,1,356,3,OK !,2020-08-26 16:39:23
302,1,355,4,Good Product,2020-08-26 16:39:23
301,1,354,5,Excelent Product I love it ❤,2020-08-26 16:39:23
300,1,353,4,Good Product,2020-08-26 16:39:23
299,1,352,3,OK !,2020-08-26 16:39:23
298,1,351,2,Poor ☹,2020-08-26 16:39:23
297,1,350,5,Excelent Product I love it ❤,2020-08-26 16:39:23
296,1,349,4,Good Product,2020-08-26 16:39:22
295,1,348,2,Poor ☹,2020-08-26 16:39:22
294,1,347,1,Very Bad Product,2020-08-26 16:39:22
293,1,346,4,Good Product,2020-08-26 16:39:22
292,1,345,3,OK !,2020-08-26 16:39:22
291,1,344,5,Excelent Product I love it ❤,2020-08-26 16:39:22
290,1,343,5,Excelent Product I love it ❤,2020-08-26 16:39:22
289,1,342,4,Good Product,2020-08-26 16:39:22
288,1,341,1,Very Bad Product,2020-08-26 16:39:22
287,1,340,1,Very Bad Product,2020-08-26 16:39:21
286,1,339,4,Good Product,2020-08-26 16:39:21
285,1,336,2,Poor ☹,2020-08-26 16:39:21
284,1,335,5,Excelent Product I love it ❤,2020-08-26 16:39:21
283,1,334,2,Poor ☹,2020-08-26 16:39:21
282,1,333,5,Excelent Product I love it ❤,2020-08-26 16:39:21
281,1,332,2,Poor ☹,2020-08-26 16:39:21
280,1,331,2,Poor ☹,2020-08-26 16:39:21
279,1,330,2,Poor ☹,2020-08-26 16:39:21
278,1,329,4,Good Product,2020-08-26 16:39:20
277,1,328,2,Poor ☹,2020-08-26 16:39:20
276,1,327,3,OK !,2020-08-26 16:39:20
275,1,326,4,Good Product,2020-08-26 16:39:20
274,1,325,5,Excelent Product I love it ❤,2020-08-26 16:39:20
273,1,324,2,Poor ☹,2020-08-26 16:39:20
272,1,323,4,Good Product,2020-08-26 16:39:20
271,1,322,5,Excelent Product I love it ❤,2020-08-26 16:39:20
270,1,321,4,Good Product,2020-08-26 16:39:20
269,1,320,4,Good Product,2020-08-26 16:39:19
268,1,319,3,OK !,2020-08-26 16:39:19
267,1,318,5,Excelent Product I love it ❤,2020-08-26 16:39:19
266,1,317,5,Excelent Product I love it ❤,2020-08-26 16:39:19
265,1,316,1,Very Bad Product,2020-08-26 16:39:19
264,1,315,3,OK !,2020-08-26 16:39:19
263,1,314,3,OK !,2020-08-26 16:39:19
262,1,313,2,Poor ☹,2020-08-26 16:39:19
261,1,312,5,Excelent Product I love it ❤,2020-08-26 16:39:19
260,1,311,1,Very Bad Product,2020-08-26 16:39:18
259,1,310,4,Good Product,2020-08-26 16:39:18
258,1,309,3,OK !,2020-08-26 16:39:18
257,1,308,5,Excelent Product I love it ❤,2020-08-26 16:39:18
256,1,307,5,Excelent Product I love it ❤,2020-08-26 16:39:18
255,1,306,5,Excelent Product I love it ❤,2020-08-26 16:39:18
254,1,305,4,Good Product,2020-08-26 16:39:17
253,1,304,2,Poor ☹,2020-08-26 16:39:17
252,1,303,4,Good Product,2020-08-26 16:39:17
251,1,302,3,OK !,2020-08-26 16:39:17
250,1,301,1,Very Bad Product,2020-08-26 16:39:17
249,1,300,1,Very Bad Product,2020-08-26 16:39:17
248,1,297,5,Excelent Product I love it ❤,2020-08-26 16:39:17
247,1,296,5,Excelent Product I love it ❤,2020-08-26 16:39:17
246,1,295,1,Very Bad Product,2020-08-26 16:39:17
245,1,294,3,OK !,2020-08-26 16:39:16
244,1,293,3,OK !,2020-08-26 16:39:16
243,1,292,3,OK !,2020-08-26 16:39:16
242,1,291,3,OK !,2020-08-26 16:39:16
241,1,290,5,Excelent Product I love it ❤,2020-08-26 16:39:16
240,1,289,3,OK !,2020-08-26 16:39:16
239,1,288,2,Poor ☹,2020-08-26 16:39:16
238,1,287,3,OK !,2020-08-26 16:39:16
237,1,286,3,OK !,2020-08-26 16:39:16
236,1,285,4,Good Product,2020-08-26 16:39:16
235,1,284,5,Excelent Product I love it ❤,2020-08-26 16:39:15
234,1,283,2,Poor ☹,2020-08-26 16:39:15
233,1,282,5,Excelent Product I love it ❤,2020-08-26 16:39:15
232,1,281,2,Poor ☹,2020-08-26 16:39:15
231,1,280,2,Poor ☹,2020-08-26 16:39:15
230,1,279,1,Very Bad Product,2020-08-26 16:39:15
229,1,278,2,Poor ☹,2020-08-26 16:39:15
228,1,277,5,Excelent Product I love it ❤,2020-08-26 16:39:15
227,1,276,1,Very Bad Product,2020-08-26 16:39:15
226,1,275,5,Excelent Product I love it ❤,2020-08-26 16:39:14
225,1,274,2,Poor ☹,2020-08-26 16:39:14
224,1,273,5,Excelent Product I love it ❤,2020-08-26 16:39:14
223,1,272,1,Very Bad Product,2020-08-26 16:39:14
222,1,271,2,Poor ☹,2020-08-26 16:39:14
221,1,270,5,Excelent Product I love it ❤,2020-08-26 16:39:14
220,1,269,5,Excelent Product I love it ❤,2020-08-26 16:39:14
219,1,268,4,Good Product,2020-08-26 16:39:14
218,1,267,5,Excelent Product I love it ❤,2020-08-26 16:39:14
217,1,266,3,OK !,2020-08-26 16:39:13
216,1,265,2,Poor ☹,2020-08-26 16:39:13
215,1,264,1,Very Bad Product,2020-08-26 16:39:13
214,1,263,1,Very Bad Product,2020-08-26 16:39:13
213,1,262,3,OK !,2020-08-26 16:39:13
212,1,261,1,Very Bad Product,2020-08-26 16:39:13
211,1,260,5,Excelent Product I love it ❤,2020-08-26 16:39:13
210,1,259,5,Excelent Product I love it ❤,2020-08-26 16:39:13
209,1,258,4,Good Product,2020-08-26 16:39:12
208,1,257,5,Excelent Product I love it ❤,2020-08-26 16:39:12
207,1,256,3,OK !,2020-08-26 16:39:12
206,1,255,5,Excelent Product I love it ❤,2020-08-26 16:39:12
205,1,254,3,OK !,2020-08-26 16:39:12
204,1,253,3,OK !,2020-08-26 16:39:12
203,1,252,5,Excelent Product I love it ❤,2020-08-26 16:39:12
202,1,251,2,Poor ☹,2020-08-26 16:39:12
201,1,250,2,Poor ☹,2020-08-26 16:39:12
200,1,249,5,Excelent Product I love it ❤,2020-08-26 16:39:12
199,1,248,1,Very Bad Product,2020-08-26 16:39:11
198,1,247,3,OK !,2020-08-26 16:39:11
197,1,246,3,OK !,2020-08-26 16:39:11
196,1,245,2,Poor ☹,2020-08-26 16:39:11
195,1,244,3,OK !,2020-08-26 16:39:11
194,1,243,2,Poor ☹,2020-08-26 16:39:11
193,1,242,5,Excelent Product I love it ❤,2020-08-26 16:39:11
192,1,241,4,Good Product,2020-08-26 16:39:11
191,1,240,5,Excelent Product I love it ❤,2020-08-26 16:39:11
190,1,239,1,Very Bad Product,2020-08-26 16:39:10
189,1,238,3,OK !,2020-08-26 16:39:10
188,1,237,2,Poor ☹,2020-08-26 16:39:10
187,1,236,3,OK !,2020-08-26 16:39:10
186,1,235,1,Very Bad Product,2020-08-26 16:39:10
185,1,234,4,Good Product,2020-08-26 16:39:10
184,1,233,3,OK !,2020-08-26 16:39:10
183,1,232,2,Poor ☹,2020-08-26 16:39:10
182,1,231,5,Excelent Product I love it ❤,2020-08-26 16:39:09
181,1,230,2,Poor ☹,2020-08-26 16:39:09
180,1,229,4,Good Product,2020-08-26 16:39:09
179,1,228,1,Very Bad Product,2020-08-26 16:39:09
178,1,227,1,Very Bad Product,2020-08-26 16:39:09
177,1,226,2,Poor ☹,2020-08-26 16:39:09
176,1,225,1,Very Bad Product,2020-08-26 16:39:09
175,1,224,4,Good Product,2020-08-26 16:39:09
174,1,216,4,Good Product,2020-08-26 16:39:09
173,1,215,2,Poor ☹,2020-08-26 16:39:08
172,1,214,1,Very Bad Product,2020-08-26 16:39:08
171,1,213,2,Poor ☹,2020-08-26 16:39:08
170,1,212,5,Excelent Product I love it ❤,2020-08-26 16:39:08
169,1,211,5,Excelent Product I love it ❤,2020-08-26 16:39:08
168,1,210,4,Good Product,2020-08-26 16:39:08
167,1,209,4,Good Product,2020-08-26 16:39:08
166,1,208,4,Good Product,2020-08-26 16:39:08
165,1,207,3,OK !,2020-08-26 16:39:08
164,1,206,5,Excelent Product I love it ❤,2020-08-26 16:39:07
163,1,205,2,Poor ☹,2020-08-26 16:39:07
162,1,204,4,Good Product,2020-08-26 16:39:07
161,1,203,2,Poor ☹,2020-08-26 16:39:07
160,1,202,5,Excelent Product I love it ❤,2020-08-26 16:39:07
159,1,201,3,OK !,2020-08-26 16:39:07
158,1,200,2,Poor ☹,2020-08-26 16:39:07
157,1,199,2,Poor ☹,2020-08-26 16:39:07
156,1,198,2,Poor ☹,2020-08-26 16:39:07
155,1,197,2,Poor ☹,2020-08-26 16:39:06
154,1,196,1,Very Bad Product,2020-08-26 16:39:06
153,1,195,3,OK !,2020-08-26 16:39:06
152,1,194,1,Very Bad Product,2020-08-26 16:39:06
151,1,193,4,Good Product,2020-08-26 16:39:06
150,1,192,2,Poor ☹,2020-08-26 16:39:06
149,1,191,3,OK !,2020-08-26 16:39:06
148,1,190,3,OK !,2020-08-26 16:39:06
147,1,189,3,OK !,2020-08-26 16:39:05
146,1,188,2,Poor ☹,2020-08-26 16:39:05
145,1,187,5,Excelent Product I love it ❤,2020-08-26 16:39:05
144,1,186,4,Good Product,2020-08-26 16:39:05
143,1,185,3,OK !,2020-08-26 16:39:05
142,1,184,1,Very Bad Product,2020-08-26 16:39:05
141,1,183,3,OK !,2020-08-26 16:39:05
140,1,182,2,Poor ☹,2020-08-26 16:39:05
139,1,181,3,OK !,2020-08-26 16:39:05
138,1,180,4,Good Product,2020-08-26 16:39:05
137,1,179,5,Excelent Product I love it ❤,2020-08-26 16:39:04
136,1,178,1,Very Bad Product,2020-08-26 16:39:04
135,1,177,1,Very Bad Product,2020-08-26 16:39:04
134,1,176,4,Good Product,2020-08-26 16:39:04
133,1,175,2,Poor ☹,2020-08-26 16:39:04
132,1,174,4,Good Product,2020-08-26 16:39:04
131,1,173,2,Poor ☹,2020-08-26 16:39:04
130,1,172,4,Good Product,2020-08-26 16:39:04
129,1,171,4,Good Product,2020-08-26 16:39:03
128,1,170,2,Poor ☹,2020-08-26 16:39:03
127,1,169,4,Good Product,2020-08-26 16:39:03
126,1,168,1,Very Bad Product,2020-08-26 16:39:03
125,1,167,3,OK !,2020-08-26 16:39:03
124,1,166,2,Poor ☹,2020-08-26 16:39:03
123,1,165,5,Excelent Product I love it ❤,2020-08-26 16:39:03
122,1,164,4,Good Product,2020-08-26 16:39:03
121,1,163,2,Poor ☹,2020-08-26 16:39:03
120,1,162,5,Excelent Product I love it ❤,2020-08-26 16:39:02
119,1,161,3,OK !,2020-08-26 16:39:02
118,1,160,4,Good Product,2020-08-26 16:39:02
117,1,159,5,Excelent Product I love it ❤,2020-08-26 16:39:02
116,1,158,3,OK !,2020-08-26 16:39:02
115,1,157,1,Very Bad Product,2020-08-26 16:39:02
114,1,156,5,Excelent Product I love it ❤,2020-08-26 16:39:02
113,1,155,2,Poor ☹,2020-08-26 16:39:02
112,1,154,5,Excelent Product I love it ❤,2020-08-26 16:39:01
111,1,153,4,Good Product,2020-08-26 16:39:01
110,1,152,2,Poor ☹,2020-08-26 16:39:01
109,1,151,1,Very Bad Product,2020-08-26 16:39:01
108,1,150,1,Very Bad Product,2020-08-26 16:39:01
107,1,149,3,OK !,2020-08-26 16:39:01
106,1,148,5,Excelent Product I love it ❤,2020-08-26 16:39:01
105,1,147,3,OK !,2020-08-26 16:39:00
104,1,146,5,Excelent Product I love it ❤,2020-08-26 16:39:00
103,1,145,2,Poor ☹,2020-08-26 16:39:00
102,1,144,3,OK !,2020-08-26 16:39:00
101,1,143,4,Good Product,2020-08-26 16:39:00
100,1,142,2,Poor ☹,2020-08-26 16:39:00
99,1,141,3,OK !,2020-08-26 16:39:00
98,1,140,2,Poor ☹,2020-08-26 16:39:00
97,1,139,5,Excelent Product I love it ❤,2020-08-26 16:38:59
96,1,138,5,Excelent Product I love it ❤,2020-08-26 16:38:59
95,1,137,3,OK !,2020-08-26 16:38:59
94,1,136,4,Good Product,2020-08-26 16:38:59
93,1,135,4,Good Product,2020-08-26 16:38:59
92,1,130,5,Excelent Product I love it ❤,2020-08-26 16:38:59
91,1,129,3,OK !,2020-08-26 16:38:59
90,1,128,4,Good Product,2020-08-26 16:38:59
89,1,127,1,Very Bad Product,2020-08-26 16:38:59
88,1,126,5,Excelent Product I love it ❤,2020-08-26 16:38:58
87,1,125,2,Poor ☹,2020-08-26 16:38:58
86,1,124,4,Good Product,2020-08-26 16:38:58
85,1,123,4,Good Product,2020-08-26 16:38:58
84,1,122,1,Very Bad Product,2020-08-26 16:38:58
83,1,121,1,Very Bad Product,2020-08-26 16:38:58
82,1,120,2,Poor ☹,2020-08-26 16:38:58
81,1,119,3,OK !,2020-08-26 16:38:58
80,1,113,3,OK !,2020-08-26 16:38:58
79,1,112,3,OK !,2020-08-26 16:38:58
78,1,111,2,Poor ☹,2020-08-26 16:38:57
77,1,110,4,Good Product,2020-08-26 16:38:57
76,1,109,4,Good Product,2020-08-26 16:38:57
75,1,108,3,OK !,2020-08-26 16:38:57
74,1,107,3,OK !,2020-08-26 16:38:57
73,1,106,4,Good Product,2020-08-26 16:38:57
72,1,105,3,OK !,2020-08-26 16:38:57
71,1,104,4,Good Product,2020-08-26 16:38:57
70,1,103,2,Poor ☹,2020-08-26 16:38:57
69,1,102,2,Poor ☹,2020-08-26 16:38:57
68,1,101,3,OK !,2020-08-26 16:38:57
67,1,100,2,Poor ☹,2020-08-26 16:38:56
66,1,99,5,Excelent Product I love it ❤,2020-08-26 16:38:56
65,1,98,1,Very Bad Product,2020-08-26 16:38:56
64,1,97,2,Poor ☹,2020-08-26 16:38:56
63,1,96,2,Poor ☹,2020-08-26 16:38:56
62,1,94,2,Poor ☹,2020-08-26 16:38:56
61,1,93,5,Excelent Product I love it ❤,2020-08-26 16:38:56
60,1,92,3,OK !,2020-08-26 16:38:56
59,1,91,2,Poor ☹,2020-08-26 16:38:56
58,1,90,1,Very Bad Product,2020-08-26 16:38:56
57,1,89,3,OK !,2020-08-26 16:38:55
56,1,88,2,Poor ☹,2020-08-26 16:38:55
55,1,87,3,OK !,2020-08-26 16:38:55
54,1,86,2,Poor ☹,2020-08-26 16:38:55
53,1,85,5,Excelent Product I love it ❤,2020-08-26 16:38:55
52,1,84,4,Good Product,2020-08-26 16:38:55
51,1,83,3,OK !,2020-08-26 16:38:55
50,1,82,5,Excelent Product I love it ❤,2020-08-26 16:38:54
49,1,78,5,Excelent Product I love it ❤,2020-08-26 16:38:54
48,1,77,3,OK !,2020-08-26 16:38:54
47,1,76,3,OK !,2020-08-26 16:38:54
46,1,75,4,Good Product,2020-08-26 16:38:54
45,1,74,1,Very Bad Product,2020-08-26 16:38:54
44,1,73,5,Excelent Product I love it ❤,2020-08-26 16:38:54
43,1,72,4,Good Product,2020-08-26 16:38:54
42,1,71,4,Good Product,2020-08-26 16:38:54
41,1,70,4,Good Product,2020-08-26 16:38:54
40,1,69,5,Excelent Product I love it ❤,2020-08-26 16:38:53
39,1,68,4,Good Product,2020-08-26 16:38:53
38,1,67,3,OK !,2020-08-26 16:38:53
37,1,66,2,Poor ☹,2020-08-26 16:38:53
36,1,65,3,OK !,2020-08-26 16:38:53
35,1,64,1,Very Bad Product,2020-08-26 16:38:53
34,1,63,5,Excelent Product I love it ❤,2020-08-26 16:38:53
33,1,62,3,OK !,2020-08-26 16:38:53
32,1,61,2,Poor ☹,2020-08-26 16:38:53
31,1,60,5,Excelent Product I love it ❤,2020-08-26 16:38:52
30,1,59,5,Excelent Product I love it ❤,2020-08-26 16:38:52
29,1,58,3,OK !,2020-08-26 16:38:52
28,1,57,1,Very Bad Product,2020-08-26 16:38:52
27,1,56,4,Good Product,2020-08-26 16:38:52
26,1,55,2,Poor ☹,2020-08-26 16:38:52
25,1,54,3,OK !,2020-08-26 16:38:52
24,1,53,4,Good Product,2020-08-26 16:38:52
23,1,52,1,Very Bad Product,2020-08-26 16:38:52
22,1,51,4,Good Product,2020-08-26 16:38:51
21,1,50,2,Poor ☹,2020-08-26 16:38:51
20,1,49,2,Poor ☹,2020-08-26 16:38:51
19,1,48,1,Very Bad Product,2020-08-26 16:38:51
